"S/N","Building/Project Name","Street Name","Postal District","Type","No. of Bedroom(for Non-Landed Only)","Monthly Gross Rent($)","Floor Area (sq ft)","Lease Commencement Date"
"1","EASTPOINT GREEN","SIMEI STREET 3","18","Non-landed Properties","2","2600","900 to 1000","Feb-2021"
"2","EASTPOINT GREEN","SIMEI STREET 3","18","Non-landed Properties","3","2800","1100 to 1200","Feb-2021"
"3","EASTPOINT GREEN","SIMEI STREET 3","18","Non-landed Properties","3","2900","1100 to 1200","Feb-2021"
"4","EASTPOINT GREEN","SIMEI STREET 3","18","Non-landed Properties","2","2500","900 to 1000","Feb-2021"
"5","EASTPOINT GREEN","SIMEI STREET 3","18","Non-landed Properties","3","2575","1100 to 1200","Feb-2021"
"6","EASTPOINT GREEN","SIMEI STREET 3","18","Non-landed Properties","2","2250","900 to 1000","Feb-2021"
"7","EASTPOINT GREEN","SIMEI STREET 3","18","Non-landed Properties","3","2700","1100 to 1200","Jan-2021"
"8","EASTPOINT GREEN","SIMEI STREET 3","18","Non-landed Properties","3","2900","1100 to 1200","Jan-2021"
"9","EASTPOINT GREEN","SIMEI STREET 3","18","Non-landed Properties","2","2600","900 to 1000","Jan-2021"
"10","EASTPOINT GREEN","SIMEI STREET 3","18","Non-landed Properties","2","2060","900 to 1000","Jan-2021"
"11","EASTPOINT GREEN","SIMEI STREET 3","18","Non-landed Properties","1","2200","1000 to 1100","Jan-2021"
"12","EASTPOINT GREEN","SIMEI STREET 3","18","Non-landed Properties","2","2500","900 to 1000","Jan-2021"
"13","EASTPOINT GREEN","SIMEI STREET 3","18","Non-landed Properties","2","2600","900 to 1000","Jan-2021"
"14","EASTPOINT GREEN","SIMEI STREET 3","18","Non-landed Properties","2","2300","900 to 1000","Jan-2021"
"15","EASTPOINT GREEN","SIMEI STREET 3","18","Non-landed Properties","2","2600","900 to 1000","Jan-2021"
"16","EASTPOINT GREEN","SIMEI STREET 3","18","Non-landed Properties","1","1900","900 to 1000","Jan-2021"
"17","EASTPOINT GREEN","SIMEI STREET 3","18","Non-landed Properties","2","2450","900 to 1000","Jan-2021"
"18","EASTPOINT GREEN","SIMEI STREET 3","18","Non-landed Properties","2","2850","1100 to 1200","Jan-2021"
"19","EASTPOINT GREEN","SIMEI STREET 3","18","Non-landed Properties","3","2600","1100 to 1200","Jan-2021"
"20","EASTPOINT GREEN","SIMEI STREET 3","18","Non-landed Properties","2","2500","900 to 1000","Jan-2021"
"21","EASTPOINT GREEN","SIMEI STREET 3","18","Non-landed Properties","3","2750","1100 to 1200","Jan-2021"
"22","EASTPOINT GREEN","SIMEI STREET 3","18","Non-landed Properties","3","2600","1100 to 1200","Dec-2020"
"23","EASTPOINT GREEN","SIMEI STREET 3","18","Non-landed Properties","3","2800","1100 to 1200","Dec-2020"
"24","EASTPOINT GREEN","SIMEI STREET 3","18","Non-landed Properties","3","2650","1100 to 1200","Dec-2020"
"25","EASTPOINT GREEN","SIMEI STREET 3","18","Non-landed Properties","3","3000","1100 to 1200","Dec-2020"
"26","EASTPOINT GREEN","SIMEI STREET 3","18","Non-landed Properties","3","2600","1100 to 1200","Dec-2020"
"27","EASTPOINT GREEN","SIMEI STREET 3","18","Non-landed Properties","2","2200","900 to 1000","Dec-2020"
"28","EASTPOINT GREEN","SIMEI STREET 3","18","Non-landed Properties","2","2400","900 to 1000","Dec-2020"
"29","EASTPOINT GREEN","SIMEI STREET 3","18","Non-landed Properties","3","2550","1100 to 1200","Dec-2020"
"30","EASTPOINT GREEN","SIMEI STREET 3","18","Non-landed Properties","3","2300","1100 to 1200","Dec-2020"
"31","EASTPOINT GREEN","SIMEI STREET 3","18","Non-landed Properties","3","2750","1100 to 1200","Dec-2020"
"32","EASTPOINT GREEN","SIMEI STREET 3","18","Non-landed Properties","3","3000","1100 to 1200","Dec-2020"
"33","EASTPOINT GREEN","SIMEI STREET 3","18","Non-landed Properties","2","2400","900 to 1000","Dec-2020"
"34","EASTPOINT GREEN","SIMEI STREET 3","18","Non-landed Properties","2","2500","900 to 1000","Dec-2020"
"35","EASTPOINT GREEN","SIMEI STREET 3","18","Non-landed Properties","2","2400","900 to 1000","Dec-2020"
"36","EASTPOINT GREEN","SIMEI STREET 3","18","Non-landed Properties","2","2500","900 to 1000","Dec-2020"
"37","EASTPOINT GREEN","SIMEI STREET 3","18","Non-landed Properties","2","2100","900 to 1000","Dec-2020"
"38","EASTPOINT GREEN","SIMEI STREET 3","18","Non-landed Properties","3","2350","1100 to 1200","Dec-2020"
"39","EASTPOINT GREEN","SIMEI STREET 3","18","Non-landed Properties","2","2400","900 to 1000","Dec-2020"
"40","EASTPOINT GREEN","SIMEI STREET 3","18","Non-landed Properties","2","2400","900 to 1000","Dec-2020"
"41","EASTPOINT GREEN","SIMEI STREET 3","18","Non-landed Properties","2","2200","900 to 1000","Dec-2020"
"42","EASTPOINT GREEN","SIMEI STREET 3","18","Non-landed Properties","2","2200","900 to 1000","Nov-2020"
"43","EASTPOINT GREEN","SIMEI STREET 3","18","Non-landed Properties","3","2800","1100 to 1200","Nov-2020"
"44","EASTPOINT GREEN","SIMEI STREET 3","18","Non-landed Properties","2","2200","900 to 1000","Nov-2020"
"45","EASTPOINT GREEN","SIMEI STREET 3","18","Non-landed Properties","3","4000","1100 to 1200","Nov-2020"
"46","EASTPOINT GREEN","SIMEI STREET 3","18","Non-landed Properties","3","2600","1100 to 1200","Nov-2020"
"47","EASTPOINT GREEN","SIMEI STREET 3","18","Non-landed Properties","2","2500","900 to 1000","Nov-2020"
"48","EASTPOINT GREEN","SIMEI STREET 3","18","Non-landed Properties","2","2400","900 to 1000","Nov-2020"
"49","EASTPOINT GREEN","SIMEI STREET 3","18","Non-landed Properties","2","2300","900 to 1000","Nov-2020"
"50","EASTPOINT GREEN","SIMEI STREET 3","18","Non-landed Properties","3","2600","1100 to 1200","Nov-2020"
"51","EASTPOINT GREEN","SIMEI STREET 3","18","Non-landed Properties","2","3000","900 to 1000","Nov-2020"
"52","EASTPOINT GREEN","SIMEI STREET 3","18","Non-landed Properties","3","2700","1100 to 1200","Nov-2020"
"53","EASTPOINT GREEN","SIMEI STREET 3","18","Non-landed Properties","2","2050","900 to 1000","Nov-2020"
"54","EASTPOINT GREEN","SIMEI STREET 3","18","Non-landed Properties","2","3000","900 to 1000","Nov-2020"
"55","EASTPOINT GREEN","SIMEI STREET 3","18","Non-landed Properties","2","2400","900 to 1000","Nov-2020"
"56","EASTPOINT GREEN","SIMEI STREET 3","18","Non-landed Properties","3","2500","1100 to 1200","Nov-2020"
"57","EASTPOINT GREEN","SIMEI STREET 3","18","Non-landed Properties","2","2200","900 to 1000","Nov-2020"
"58","EASTPOINT GREEN","SIMEI STREET 3","18","Non-landed Properties","2","2500","900 to 1000","Nov-2020"
"59","EASTPOINT GREEN","SIMEI STREET 3","18","Non-landed Properties","2","2000","900 to 1000","Nov-2020"
"60","EASTPOINT GREEN","SIMEI STREET 3","18","Non-landed Properties","2","2200","900 to 1000","Oct-2020"
"61","EASTPOINT GREEN","SIMEI STREET 3","18","Non-landed Properties","3","2800","1100 to 1200","Oct-2020"
"62","EASTPOINT GREEN","SIMEI STREET 3","18","Non-landed Properties","2","2300","1300 to 1400","Oct-2020"
"63","EASTPOINT GREEN","SIMEI STREET 3","18","Non-landed Properties","3","2600","1100 to 1200","Oct-2020"
"64","EASTPOINT GREEN","SIMEI STREET 3","18","Non-landed Properties","2","2900","900 to 1000","Oct-2020"
"65","EASTPOINT GREEN","SIMEI STREET 3","18","Non-landed Properties","3","3000","1100 to 1200","Oct-2020"
"66","EASTPOINT GREEN","SIMEI STREET 3","18","Non-landed Properties","3","2700","1100 to 1200","Oct-2020"
"67","EASTPOINT GREEN","SIMEI STREET 3","18","Non-landed Properties","3","2780","1100 to 1200","Oct-2020"
"68","EASTPOINT GREEN","SIMEI STREET 3","18","Non-landed Properties","3","2880","1100 to 1200","Oct-2020"
"69","EASTPOINT GREEN","SIMEI STREET 3","18","Non-landed Properties","3","2800","1100 to 1200","Oct-2020"
"70","EASTPOINT GREEN","SIMEI STREET 3","18","Non-landed Properties","3","2700","1100 to 1200","Oct-2020"
"71","EASTPOINT GREEN","SIMEI STREET 3","18","Non-landed Properties","2","2300","900 to 1000","Oct-2020"
"72","EASTPOINT GREEN","SIMEI STREET 3","18","Non-landed Properties","2","3000","1100 to 1200","Oct-2020"
"73","EASTPOINT GREEN","SIMEI STREET 3","18","Non-landed Properties","2","2400","900 to 1000","Oct-2020"
"74","EASTPOINT GREEN","SIMEI STREET 3","18","Non-landed Properties","2","2200","900 to 1000","Oct-2020"
"75","EASTPOINT GREEN","SIMEI STREET 3","18","Non-landed Properties","3","2800","1100 to 1200","Oct-2020"
"76","EASTPOINT GREEN","SIMEI STREET 3","18","Non-landed Properties","2","2400","900 to 1000","Sep-2020"
"77","EASTPOINT GREEN","SIMEI STREET 3","18","Non-landed Properties","3","2800","1100 to 1200","Sep-2020"
"78","EASTPOINT GREEN","SIMEI STREET 3","18","Non-landed Properties","3","2900","1100 to 1200","Sep-2020"
"79","EASTPOINT GREEN","SIMEI STREET 3","18","Non-landed Properties","3","3300","1100 to 1200","Sep-2020"
"80","EASTPOINT GREEN","SIMEI STREET 3","18","Non-landed Properties","3","2600","1100 to 1200","Sep-2020"
"81","EASTPOINT GREEN","SIMEI STREET 3","18","Non-landed Properties","4","4100","2000 to 2100","Sep-2020"
"82","EASTPOINT GREEN","SIMEI STREET 3","18","Non-landed Properties","2","2300","900 to 1000","Sep-2020"
"83","EASTPOINT GREEN","SIMEI STREET 3","18","Non-landed Properties","2","2800","1300 to 1400","Sep-2020"
"84","EASTPOINT GREEN","SIMEI STREET 3","18","Non-landed Properties","1","2000","1000 to 1100","Sep-2020"
"85","EASTPOINT GREEN","SIMEI STREET 3","18","Non-landed Properties","2","2300","900 to 1000","Sep-2020"
"86","EASTPOINT GREEN","SIMEI STREET 3","18","Non-landed Properties","3","2600","1100 to 1200","Sep-2020"
"87","EASTPOINT GREEN","SIMEI STREET 3","18","Non-landed Properties","2","2000","900 to 1000","Sep-2020"
"88","EASTPOINT GREEN","SIMEI STREET 3","18","Non-landed Properties","2","2450","900 to 1000","Aug-2020"
"89","EASTPOINT GREEN","SIMEI STREET 3","18","Non-landed Properties","2","2600","900 to 1000","Aug-2020"
"90","EASTPOINT GREEN","SIMEI STREET 3","18","Non-landed Properties","3","2850","1100 to 1200","Aug-2020"
"91","EASTPOINT GREEN","SIMEI STREET 3","18","Non-landed Properties","3","2700","1100 to 1200","Aug-2020"
"92","EASTPOINT GREEN","SIMEI STREET 3","18","Non-landed Properties","1","2000","1000 to 1100","Aug-2020"
"93","EASTPOINT GREEN","SIMEI STREET 3","18","Non-landed Properties","2","2300","900 to 1000","Aug-2020"
"94","EASTPOINT GREEN","SIMEI STREET 3","18","Non-landed Properties","2","2450","900 to 1000","Aug-2020"
"95","EASTPOINT GREEN","SIMEI STREET 3","18","Non-landed Properties","2","2100","900 to 1000","Aug-2020"
"96","EASTPOINT GREEN","SIMEI STREET 3","18","Non-landed Properties","2","2300","900 to 1000","Aug-2020"
"97","EASTPOINT GREEN","SIMEI STREET 3","18","Non-landed Properties","3","2600","1100 to 1200","Aug-2020"
"98","EASTPOINT GREEN","SIMEI STREET 3","18","Non-landed Properties","2","2400","1300 to 1400","Aug-2020"
"99","EASTPOINT GREEN","SIMEI STREET 3","18","Non-landed Properties","2","2400","900 to 1000","Aug-2020"
"100","EASTPOINT GREEN","SIMEI STREET 3","18","Non-landed Properties","2","2700","1100 to 1200","Aug-2020"
"101","EASTPOINT GREEN","SIMEI STREET 3","18","Non-landed Properties","2","2200","900 to 1000","Aug-2020"
"102","EASTPOINT GREEN","SIMEI STREET 3","18","Non-landed Properties","2","2400","900 to 1000","Aug-2020"
"103","EASTPOINT GREEN","SIMEI STREET 3","18","Non-landed Properties","2","2100","900 to 1000","Aug-2020"
"104","EASTPOINT GREEN","SIMEI STREET 3","18","Non-landed Properties","3","3300","1100 to 1200","Aug-2020"
"105","EASTPOINT GREEN","SIMEI STREET 3","18","Non-landed Properties","2","2600","900 to 1000","Jul-2020"
"106","EASTPOINT GREEN","SIMEI STREET 3","18","Non-landed Properties","2","2375","900 to 1000","Jul-2020"
"107","EASTPOINT GREEN","SIMEI STREET 3","18","Non-landed Properties","3","2500","1100 to 1200","Jul-2020"
"108","EASTPOINT GREEN","SIMEI STREET 3","18","Non-landed Properties","3","2600","1100 to 1200","Jul-2020"
"109","EASTPOINT GREEN","SIMEI STREET 3","18","Non-landed Properties","3","2600","1100 to 1200","Jul-2020"
"110","EASTPOINT GREEN","SIMEI STREET 3","18","Non-landed Properties","3","2800","1100 to 1200","Jul-2020"
"111","EASTPOINT GREEN","SIMEI STREET 3","18","Non-landed Properties","2","2200","900 to 1000","Jul-2020"
"112","EASTPOINT GREEN","SIMEI STREET 3","18","Non-landed Properties","1","2000","900 to 1000","Jul-2020"
"113","EASTPOINT GREEN","SIMEI STREET 3","18","Non-landed Properties","3","2600","1100 to 1200","Jul-2020"
"114","EASTPOINT GREEN","SIMEI STREET 3","18","Non-landed Properties","2","2200","900 to 1000","Jul-2020"
"115","EASTPOINT GREEN","SIMEI STREET 3","18","Non-landed Properties","2","2350","900 to 1000","Jul-2020"
"116","EASTPOINT GREEN","SIMEI STREET 3","18","Non-landed Properties","4","4000","1800 to 1900","Jul-2020"
"117","EASTPOINT GREEN","SIMEI STREET 3","18","Non-landed Properties","3","2600","1100 to 1200","Jul-2020"
"118","EASTPOINT GREEN","SIMEI STREET 3","18","Non-landed Properties","3","2700","1100 to 1200","Jul-2020"
"119","EASTPOINT GREEN","SIMEI STREET 3","18","Non-landed Properties","2","2400","900 to 1000","Jul-2020"
"120","EASTPOINT GREEN","SIMEI STREET 3","18","Non-landed Properties","2","2200","900 to 1000","Jul-2020"
"121","EASTPOINT GREEN","SIMEI STREET 3","18","Non-landed Properties","2","2250","900 to 1000","Jul-2020"
"122","EASTPOINT GREEN","SIMEI STREET 3","18","Non-landed Properties","2","2450","900 to 1000","Jul-2020"
"123","EASTPOINT GREEN","SIMEI STREET 3","18","Non-landed Properties","2","2300","900 to 1000","Jul-2020"
"124","EASTPOINT GREEN","SIMEI STREET 3","18","Non-landed Properties","2","2800","1300 to 1400","Jun-2020"
"125","EASTPOINT GREEN","SIMEI STREET 3","18","Non-landed Properties","3","2700","1100 to 1200","Jun-2020"
"126","EASTPOINT GREEN","SIMEI STREET 3","18","Non-landed Properties","3","2700","1100 to 1200","Jun-2020"
"127","EASTPOINT GREEN","SIMEI STREET 3","18","Non-landed Properties","3","2800","1100 to 1200","Jun-2020"
"128","EASTPOINT GREEN","SIMEI STREET 3","18","Non-landed Properties","3","2500","1100 to 1200","Jun-2020"
"129","EASTPOINT GREEN","SIMEI STREET 3","18","Non-landed Properties","3","2700","1100 to 1200","Jun-2020"
"130","EASTPOINT GREEN","SIMEI STREET 3","18","Non-landed Properties","2","2300","900 to 1000","Jun-2020"
"131","EASTPOINT GREEN","SIMEI STREET 3","18","Non-landed Properties","2","2300","900 to 1000","Jun-2020"
"132","EASTPOINT GREEN","SIMEI STREET 3","18","Non-landed Properties","3","2850","1100 to 1200","Jun-2020"
"133","EASTPOINT GREEN","SIMEI STREET 3","18","Non-landed Properties","2","2000","900 to 1000","May-2020"
"134","EASTPOINT GREEN","SIMEI STREET 3","18","Non-landed Properties","2","2600","900 to 1000","May-2020"
"135","EASTPOINT GREEN","SIMEI STREET 3","18","Non-landed Properties","2","2800","1100 to 1200","May-2020"
"136","EASTPOINT GREEN","SIMEI STREET 3","18","Non-landed Properties","2","2050","900 to 1000","May-2020"
"137","EASTPOINT GREEN","SIMEI STREET 3","18","Non-landed Properties","3","2700","1100 to 1200","May-2020"
"138","EASTPOINT GREEN","SIMEI STREET 3","18","Non-landed Properties","3","2650","1100 to 1200","May-2020"
"139","EASTPOINT GREEN","SIMEI STREET 3","18","Non-landed Properties","3","2550","1100 to 1200","May-2020"
"140","EASTPOINT GREEN","SIMEI STREET 3","18","Non-landed Properties","2","3000","1100 to 1200","May-2020"
"141","EASTPOINT GREEN","SIMEI STREET 3","18","Non-landed Properties","3","2600","1100 to 1200","May-2020"
"142","EASTPOINT GREEN","SIMEI STREET 3","18","Non-landed Properties","2","2300","900 to 1000","May-2020"
"143","EASTPOINT GREEN","SIMEI STREET 3","18","Non-landed Properties","3","2500","1100 to 1200","May-2020"
"144","EASTPOINT GREEN","SIMEI STREET 3","18","Non-landed Properties","2","2500","900 to 1000","May-2020"
"145","EASTPOINT GREEN","SIMEI STREET 3","18","Non-landed Properties","3","2300","1100 to 1200","Apr-2020"
"146","EASTPOINT GREEN","SIMEI STREET 3","18","Non-landed Properties","3","2800","1100 to 1200","Apr-2020"
"147","EASTPOINT GREEN","SIMEI STREET 3","18","Non-landed Properties","2","2300","900 to 1000","Apr-2020"
"148","EASTPOINT GREEN","SIMEI STREET 3","18","Non-landed Properties","2","2250","900 to 1000","Apr-2020"
"149","EASTPOINT GREEN","SIMEI STREET 3","18","Non-landed Properties","2","2600","900 to 1000","Apr-2020"
"150","EASTPOINT GREEN","SIMEI STREET 3","18","Non-landed Properties","3","3000","1100 to 1200","Apr-2020"
"151","EASTPOINT GREEN","SIMEI STREET 3","18","Non-landed Properties","3","3000","1100 to 1200","Apr-2020"
"152","EASTPOINT GREEN","SIMEI STREET 3","18","Non-landed Properties","2","2300","900 to 1000","Apr-2020"
"153","EASTPOINT GREEN","SIMEI STREET 3","18","Non-landed Properties","3","2500","1100 to 1200","Apr-2020"
"154","EASTPOINT GREEN","SIMEI STREET 3","18","Non-landed Properties","3","2600","1100 to 1200","Apr-2020"
"155","EASTPOINT GREEN","SIMEI STREET 3","18","Non-landed Properties","2","2388","900 to 1000","Apr-2020"
"156","EASTPOINT GREEN","SIMEI STREET 3","18","Non-landed Properties","2","2400","1300 to 1400","Apr-2020"
"157","EASTPOINT GREEN","SIMEI STREET 3","18","Non-landed Properties","3","2900","1100 to 1200","Apr-2020"
"158","EASTPOINT GREEN","SIMEI STREET 3","18","Non-landed Properties","3","2800","1100 to 1200","Apr-2020"
"159","EASTPOINT GREEN","SIMEI STREET 3","18","Non-landed Properties","2","2150","900 to 1000","Apr-2020"
"160","EASTPOINT GREEN","SIMEI STREET 3","18","Non-landed Properties","4","4150","1800 to 1900","Apr-2020"
"161","EASTPOINT GREEN","SIMEI STREET 3","18","Non-landed Properties","3","2800","1100 to 1200","Apr-2020"
"162","EASTPOINT GREEN","SIMEI STREET 3","18","Non-landed Properties","3","2400","1100 to 1200","Mar-2020"
"163","EASTPOINT GREEN","SIMEI STREET 3","18","Non-landed Properties","3","2720","1100 to 1200","Mar-2020"
"164","EASTPOINT GREEN","SIMEI STREET 3","18","Non-landed Properties","2","2500","1100 to 1200","Mar-2020"
"165","EASTPOINT GREEN","SIMEI STREET 3","18","Non-landed Properties","3","2550","1100 to 1200","Mar-2020"
"166","EASTPOINT GREEN","SIMEI STREET 3","18","Non-landed Properties","2","2100","900 to 1000","Mar-2020"
"167","EASTPOINT GREEN","SIMEI STREET 3","18","Non-landed Properties","2","2400","900 to 1000","Mar-2020"
"168","EASTPOINT GREEN","SIMEI STREET 3","18","Non-landed Properties","2","2600","900 to 1000","Mar-2020"
"169","EASTPOINT GREEN","SIMEI STREET 3","18","Non-landed Properties","3","2850","1100 to 1200","Mar-2020"
"170","EASTPOINT GREEN","SIMEI STREET 3","18","Non-landed Properties","2","2200","900 to 1000","Mar-2020"
"171","EASTPOINT GREEN","SIMEI STREET 3","18","Non-landed Properties","2","2450","900 to 1000","Mar-2020"
"172","EASTPOINT GREEN","SIMEI STREET 3","18","Non-landed Properties","3","2700","1100 to 1200","Mar-2020"
"173","EASTPOINT GREEN","SIMEI STREET 3","18","Non-landed Properties","3","2700","1100 to 1200","Mar-2020"
"174","EASTPOINT GREEN","SIMEI STREET 3","18","Non-landed Properties","3","3000","1100 to 1200","Mar-2020"
"175","EASTPOINT GREEN","SIMEI STREET 3","18","Non-landed Properties","3","2680","1100 to 1200","Feb-2020"
"176","EASTPOINT GREEN","SIMEI STREET 3","18","Non-landed Properties","3","3000","1100 to 1200","Feb-2020"
"177","EASTPOINT GREEN","SIMEI STREET 3","18","Non-landed Properties","1","1800","1000 to 1100","Feb-2020"
"178","EASTPOINT GREEN","SIMEI STREET 3","18","Non-landed Properties","2","2350","900 to 1000","Feb-2020"
"179","EASTPOINT GREEN","SIMEI STREET 3","18","Non-landed Properties","2","2400","900 to 1000","Feb-2020"
"180","EASTPOINT GREEN","SIMEI STREET 3","18","Non-landed Properties","3","2900","1100 to 1200","Feb-2020"
"181","EASTPOINT GREEN","SIMEI STREET 3","18","Non-landed Properties","2","2400","900 to 1000","Feb-2020"
"182","EASTPOINT GREEN","SIMEI STREET 3","18","Non-landed Properties","2","2500","900 to 1000","Feb-2020"
"183","EASTPOINT GREEN","SIMEI STREET 3","18","Non-landed Properties","3","2600","1100 to 1200","Feb-2020"
"184","EASTPOINT GREEN","SIMEI STREET 3","18","Non-landed Properties","3","2450","1100 to 1200","Jan-2020"
"185","EASTPOINT GREEN","SIMEI STREET 3","18","Non-landed Properties","3","2700","1100 to 1200","Jan-2020"
"186","EASTPOINT GREEN","SIMEI STREET 3","18","Non-landed Properties","2","2060","900 to 1000","Jan-2020"
"187","EASTPOINT GREEN","SIMEI STREET 3","18","Non-landed Properties","2","2600","900 to 1000","Jan-2020"
"188","EASTPOINT GREEN","SIMEI STREET 3","18","Non-landed Properties","3","2900","1100 to 1200","Jan-2020"
"189","EASTPOINT GREEN","SIMEI STREET 3","18","Non-landed Properties","3","2900","1100 to 1200","Jan-2020"
"190","EASTPOINT GREEN","SIMEI STREET 3","18","Non-landed Properties","2","2300","900 to 1000","Jan-2020"
"191","EASTPOINT GREEN","SIMEI STREET 3","18","Non-landed Properties","1","2200","1000 to 1100","Jan-2020"
"192","EASTPOINT GREEN","SIMEI STREET 3","18","Non-landed Properties","3","2700","1100 to 1200","Jan-2020"
"193","EASTPOINT GREEN","SIMEI STREET 3","18","Non-landed Properties","3","2750","1100 to 1200","Jan-2020"
"194","EASTPOINT GREEN","SIMEI STREET 3","18","Non-landed Properties","2","2350","900 to 1000","Jan-2020"
"195","EASTPOINT GREEN","SIMEI STREET 3","18","Non-landed Properties","2","2600","900 to 1000","Jan-2020"
"196","EASTPOINT GREEN","SIMEI STREET 3","18","Non-landed Properties","3","3000","1100 to 1200","Dec-2019"
"197","EASTPOINT GREEN","SIMEI STREET 3","18","Non-landed Properties","3","2800","1100 to 1200","Dec-2019"
"198","EASTPOINT GREEN","SIMEI STREET 3","18","Non-landed Properties","2","2450","900 to 1000","Dec-2019"
"199","EASTPOINT GREEN","SIMEI STREET 3","18","Non-landed Properties","3","2500","1100 to 1200","Dec-2019"
"200","EASTPOINT GREEN","SIMEI STREET 3","18","Non-landed Properties","3","2600","1100 to 1200","Dec-2019"
"201","EASTPOINT GREEN","SIMEI STREET 3","18","Non-landed Properties","2","2200","1300 to 1400","Dec-2019"
"202","EASTPOINT GREEN","SIMEI STREET 3","18","Non-landed Properties","4","4200","1800 to 1900","Dec-2019"
"203","EASTPOINT GREEN","SIMEI STREET 3","18","Non-landed Properties","2","2500","900 to 1000","Dec-2019"
"204","EASTPOINT GREEN","SIMEI STREET 3","18","Non-landed Properties","5","5200","2300 to 2400","Dec-2019"
"205","EASTPOINT GREEN","SIMEI STREET 3","18","Non-landed Properties","2","2400","900 to 1000","Dec-2019"
"206","EASTPOINT GREEN","SIMEI STREET 3","18","Non-landed Properties","2","2100","900 to 1000","Dec-2019"
"207","EASTPOINT GREEN","SIMEI STREET 3","18","Non-landed Properties","3","2700","1100 to 1200","Dec-2019"
"208","EASTPOINT GREEN","SIMEI STREET 3","18","Non-landed Properties","2","2850","1300 to 1400","Nov-2019"
"209","EASTPOINT GREEN","SIMEI STREET 3","18","Non-landed Properties","1","1950","900 to 1000","Nov-2019"
"210","EASTPOINT GREEN","SIMEI STREET 3","18","Non-landed Properties","3","2850","1100 to 1200","Nov-2019"
"211","EASTPOINT GREEN","SIMEI STREET 3","18","Non-landed Properties","3","2750","1100 to 1200","Nov-2019"
"212","EASTPOINT GREEN","SIMEI STREET 3","18","Non-landed Properties","2","2150","900 to 1000","Nov-2019"
"213","EASTPOINT GREEN","SIMEI STREET 3","18","Non-landed Properties","3","2600","1100 to 1200","Nov-2019"
"214","EASTPOINT GREEN","SIMEI STREET 3","18","Non-landed Properties","2","2600","900 to 1000","Nov-2019"
"215","EASTPOINT GREEN","SIMEI STREET 3","18","Non-landed Properties","3","2500","1100 to 1200","Nov-2019"
"216","EASTPOINT GREEN","SIMEI STREET 3","18","Non-landed Properties","2","2400","900 to 1000","Nov-2019"
"217","EASTPOINT GREEN","SIMEI STREET 3","18","Non-landed Properties","2","2500","900 to 1000","Nov-2019"
"218","EASTPOINT GREEN","SIMEI STREET 3","18","Non-landed Properties","2","2150","900 to 1000","Nov-2019"
"219","EASTPOINT GREEN","SIMEI STREET 3","18","Non-landed Properties","2","2300","900 to 1000","Nov-2019"
"220","EASTPOINT GREEN","SIMEI STREET 3","18","Non-landed Properties","3","2700","1100 to 1200","Nov-2019"
"221","EASTPOINT GREEN","SIMEI STREET 3","18","Non-landed Properties","2","2200","900 to 1000","Nov-2019"
"222","EASTPOINT GREEN","SIMEI STREET 3","18","Non-landed Properties","2","2200","900 to 1000","Oct-2019"
"223","EASTPOINT GREEN","SIMEI STREET 3","18","Non-landed Properties","3","2800","1100 to 1200","Oct-2019"
"224","EASTPOINT GREEN","SIMEI STREET 3","18","Non-landed Properties","3","2800","1100 to 1200","Oct-2019"
"225","EASTPOINT GREEN","SIMEI STREET 3","18","Non-landed Properties","3","2700","1100 to 1200","Oct-2019"
"226","EASTPOINT GREEN","SIMEI STREET 3","18","Non-landed Properties","2","2250","900 to 1000","Oct-2019"
"227","EASTPOINT GREEN","SIMEI STREET 3","18","Non-landed Properties","3","2780","1100 to 1200","Oct-2019"
"228","EASTPOINT GREEN","SIMEI STREET 3","18","Non-landed Properties","2","2200","900 to 1000","Oct-2019"
"229","EASTPOINT GREEN","SIMEI STREET 3","18","Non-landed Properties","3","2850","1100 to 1200","Oct-2019"
"230","EASTPOINT GREEN","SIMEI STREET 3","18","Non-landed Properties","3","2800","1100 to 1200","Oct-2019"
"231","EASTPOINT GREEN","SIMEI STREET 3","18","Non-landed Properties","2","2400","900 to 1000","Oct-2019"
"232","EASTPOINT GREEN","SIMEI STREET 3","18","Non-landed Properties","2","2200","900 to 1000","Oct-2019"
"233","EASTPOINT GREEN","SIMEI STREET 3","18","Non-landed Properties","3","2500","1100 to 1200","Oct-2019"
"234","EASTPOINT GREEN","SIMEI STREET 3","18","Non-landed Properties","3","2800","1100 to 1200","Oct-2019"
"235","EASTPOINT GREEN","SIMEI STREET 3","18","Non-landed Properties","2","2200","900 to 1000","Oct-2019"
"236","EASTPOINT GREEN","SIMEI STREET 3","18","Non-landed Properties","2","2100","900 to 1000","Sep-2019"
"237","EASTPOINT GREEN","SIMEI STREET 3","18","Non-landed Properties","2","2500","900 to 1000","Sep-2019"
"238","EASTPOINT GREEN","SIMEI STREET 3","18","Non-landed Properties","3","2900","1100 to 1200","Sep-2019"
"239","EASTPOINT GREEN","SIMEI STREET 3","18","Non-landed Properties","3","2900","1100 to 1200","Sep-2019"
"240","EASTPOINT GREEN","SIMEI STREET 3","18","Non-landed Properties","3","3000","1100 to 1200","Sep-2019"
"241","EASTPOINT GREEN","SIMEI STREET 3","18","Non-landed Properties","3","3050","1100 to 1200","Sep-2019"
"242","EASTPOINT GREEN","SIMEI STREET 3","18","Non-landed Properties","1","2000","900 to 1000","Sep-2019"
"243","EASTPOINT GREEN","SIMEI STREET 3","18","Non-landed Properties","3","2750","1100 to 1200","Sep-2019"
"244","EASTPOINT GREEN","SIMEI STREET 3","18","Non-landed Properties","3","2800","1100 to 1200","Sep-2019"
"245","EASTPOINT GREEN","SIMEI STREET 3","18","Non-landed Properties","3","2700","1100 to 1200","Sep-2019"
"246","EASTPOINT GREEN","SIMEI STREET 3","18","Non-landed Properties","3","2700","1100 to 1200","Sep-2019"
"247","EASTPOINT GREEN","SIMEI STREET 3","18","Non-landed Properties","2","2400","900 to 1000","Sep-2019"
"248","EASTPOINT GREEN","SIMEI STREET 3","18","Non-landed Properties","2","2250","900 to 1000","Sep-2019"
"249","EASTPOINT GREEN","SIMEI STREET 3","18","Non-landed Properties","2","2300","900 to 1000","Sep-2019"
"250","EASTPOINT GREEN","SIMEI STREET 3","18","Non-landed Properties","1","2000","600 to 700","Sep-2019"
"251","EASTPOINT GREEN","SIMEI STREET 3","18","Non-landed Properties","2","3200","1100 to 1200","Sep-2019"
"252","EASTPOINT GREEN","SIMEI STREET 3","18","Non-landed Properties","2","2300","900 to 1000","Sep-2019"
"253","EASTPOINT GREEN","SIMEI STREET 3","18","Non-landed Properties","1","2200","900 to 1000","Sep-2019"
"254","EASTPOINT GREEN","SIMEI STREET 3","18","Non-landed Properties","3","2700","1100 to 1200","Aug-2019"
"255","EASTPOINT GREEN","SIMEI STREET 3","18","Non-landed Properties","3","2800","1100 to 1200","Aug-2019"
"256","EASTPOINT GREEN","SIMEI STREET 3","18","Non-landed Properties","2","2600","900 to 1000","Aug-2019"
"257","EASTPOINT GREEN","SIMEI STREET 3","18","Non-landed Properties","2","2600","900 to 1000","Aug-2019"
"258","EASTPOINT GREEN","SIMEI STREET 3","18","Non-landed Properties","2","2240","900 to 1000","Aug-2019"
"259","EASTPOINT GREEN","SIMEI STREET 3","18","Non-landed Properties","2","2100","900 to 1000","Aug-2019"
"260","EASTPOINT GREEN","SIMEI STREET 3","18","Non-landed Properties","1","2000","600 to 700","Aug-2019"
"261","EASTPOINT GREEN","SIMEI STREET 3","18","Non-landed Properties","2","2300","900 to 1000","Aug-2019"
"262","EASTPOINT GREEN","SIMEI STREET 3","18","Non-landed Properties","2","2300","900 to 1000","Aug-2019"
"263","EASTPOINT GREEN","SIMEI STREET 3","18","Non-landed Properties","2","2700","1100 to 1200","Aug-2019"
"264","EASTPOINT GREEN","SIMEI STREET 3","18","Non-landed Properties","2","2100","900 to 1000","Aug-2019"
"265","EASTPOINT GREEN","SIMEI STREET 3","18","Non-landed Properties","2","2400","900 to 1000","Aug-2019"
"266","EASTPOINT GREEN","SIMEI STREET 3","18","Non-landed Properties","3","2400","1100 to 1200","Jul-2019"
"267","EASTPOINT GREEN","SIMEI STREET 3","18","Non-landed Properties","2","2100","900 to 1000","Jul-2019"
"268","EASTPOINT GREEN","SIMEI STREET 3","18","Non-landed Properties","2","2300","900 to 1000","Jul-2019"
"269","EASTPOINT GREEN","SIMEI STREET 3","18","Non-landed Properties","2","2375","900 to 1000","Jul-2019"
"270","EASTPOINT GREEN","SIMEI STREET 3","18","Non-landed Properties","3","2800","1100 to 1200","Jul-2019"
"271","EASTPOINT GREEN","SIMEI STREET 3","18","Non-landed Properties","2","2350","900 to 1000","Jul-2019"
"272","EASTPOINT GREEN","SIMEI STREET 3","18","Non-landed Properties","3","2800","1100 to 1200","Jul-2019"
"273","EASTPOINT GREEN","SIMEI STREET 3","18","Non-landed Properties","2","2200","900 to 1000","Jul-2019"
"274","EASTPOINT GREEN","SIMEI STREET 3","18","Non-landed Properties","3","2900","1100 to 1200","Jul-2019"
"275","EASTPOINT GREEN","SIMEI STREET 3","18","Non-landed Properties","3","2600","1100 to 1200","Jul-2019"
"276","EASTPOINT GREEN","SIMEI STREET 3","18","Non-landed Properties","3","2600","1100 to 1200","Jul-2019"
"277","EASTPOINT GREEN","SIMEI STREET 3","18","Non-landed Properties","3","2600","1100 to 1200","Jul-2019"
"278","EASTPOINT GREEN","SIMEI STREET 3","18","Non-landed Properties","2","2400","900 to 1000","Jul-2019"
"279","EASTPOINT GREEN","SIMEI STREET 3","18","Non-landed Properties","2","2400","900 to 1000","Jul-2019"
"280","EASTPOINT GREEN","SIMEI STREET 3","18","Non-landed Properties","2","2300","900 to 1000","Jul-2019"
"281","EASTPOINT GREEN","SIMEI STREET 3","18","Non-landed Properties","3","2600","1100 to 1200","Jul-2019"
"282","EASTPOINT GREEN","SIMEI STREET 3","18","Non-landed Properties","2","2300","900 to 1000","Jul-2019"
"283","EASTPOINT GREEN","SIMEI STREET 3","18","Non-landed Properties","2","2200","900 to 1000","Jul-2019"
"284","EASTPOINT GREEN","SIMEI STREET 3","18","Non-landed Properties","2","2100","900 to 1000","Jun-2019"
"285","EASTPOINT GREEN","SIMEI STREET 3","18","Non-landed Properties","3","2800","1100 to 1200","Jun-2019"
"286","EASTPOINT GREEN","SIMEI STREET 3","18","Non-landed Properties","3","2600","1100 to 1200","Jun-2019"
"287","EASTPOINT GREEN","SIMEI STREET 3","18","Non-landed Properties","2","1950","900 to 1000","Jun-2019"
"288","EASTPOINT GREEN","SIMEI STREET 3","18","Non-landed Properties","3","2600","1100 to 1200","Jun-2019"
"289","EASTPOINT GREEN","SIMEI STREET 3","18","Non-landed Properties","1","1800","600 to 700","Jun-2019"
"290","EASTPOINT GREEN","SIMEI STREET 3","18","Non-landed Properties","2","2700","900 to 1000","Jun-2019"
"291","EASTPOINT GREEN","SIMEI STREET 3","18","Non-landed Properties","3","2800","1100 to 1200","Jun-2019"
"292","EASTPOINT GREEN","SIMEI STREET 3","18","Non-landed Properties","3","2850","1100 to 1200","Jun-2019"
"293","EASTPOINT GREEN","SIMEI STREET 3","18","Non-landed Properties","2","2400","900 to 1000","Jun-2019"
"294","EASTPOINT GREEN","SIMEI STREET 3","18","Non-landed Properties","2","2600","900 to 1000","May-2019"
"295","EASTPOINT GREEN","SIMEI STREET 3","18","Non-landed Properties","3","2900","1100 to 1200","May-2019"
"296","EASTPOINT GREEN","SIMEI STREET 3","18","Non-landed Properties","2","2500","900 to 1000","May-2019"
"297","EASTPOINT GREEN","SIMEI STREET 3","18","Non-landed Properties","3","2700","1100 to 1200","May-2019"
"298","EASTPOINT GREEN","SIMEI STREET 3","18","Non-landed Properties","2","2800","900 to 1000","May-2019"
"299","EASTPOINT GREEN","SIMEI STREET 3","18","Non-landed Properties","2","2800","900 to 1000","May-2019"
"300","EASTPOINT GREEN","SIMEI STREET 3","18","Non-landed Properties","3","2500","1100 to 1200","May-2019"
"301","EASTPOINT GREEN","SIMEI STREET 3","18","Non-landed Properties","2","3000","1100 to 1200","May-2019"
"302","EASTPOINT GREEN","SIMEI STREET 3","18","Non-landed Properties","3","3050","1100 to 1200","Apr-2019"
"303","EASTPOINT GREEN","SIMEI STREET 3","18","Non-landed Properties","2","2200","900 to 1000","Apr-2019"
"304","EASTPOINT GREEN","SIMEI STREET 3","18","Non-landed Properties","2","2350","900 to 1000","Apr-2019"
"305","EASTPOINT GREEN","SIMEI STREET 3","18","Non-landed Properties","3","2600","1100 to 1200","Apr-2019"
"306","EASTPOINT GREEN","SIMEI STREET 3","18","Non-landed Properties","2","2350","900 to 1000","Apr-2019"
"307","EASTPOINT GREEN","SIMEI STREET 3","18","Non-landed Properties","3","2700","1100 to 1200","Apr-2019"
"308","EASTPOINT GREEN","SIMEI STREET 3","18","Non-landed Properties","3","2600","1100 to 1200","Apr-2019"
"309","EASTPOINT GREEN","SIMEI STREET 3","18","Non-landed Properties","4","4100","1900 to 2000","Apr-2019"
"310","EASTPOINT GREEN","SIMEI STREET 3","18","Non-landed Properties","3","2800","1100 to 1200","Apr-2019"
"311","EASTPOINT GREEN","SIMEI STREET 3","18","Non-landed Properties","2","2200","900 to 1000","Apr-2019"
"312","EASTPOINT GREEN","SIMEI STREET 3","18","Non-landed Properties","2","2300","900 to 1000","Apr-2019"
"313","EASTPOINT GREEN","SIMEI STREET 3","18","Non-landed Properties","3","2700","1100 to 1200","Apr-2019"
"314","EASTPOINT GREEN","SIMEI STREET 3","18","Non-landed Properties","3","2600","1100 to 1200","Apr-2019"
"315","EASTPOINT GREEN","SIMEI STREET 3","18","Non-landed Properties","2","2100","900 to 1000","Apr-2019"
"316","EASTPOINT GREEN","SIMEI STREET 3","18","Non-landed Properties","2","2500","900 to 1000","Apr-2019"
"317","EASTPOINT GREEN","SIMEI STREET 3","18","Non-landed Properties","2","2350","900 to 1000","Mar-2019"
"318","EASTPOINT GREEN","SIMEI STREET 3","18","Non-landed Properties","2","2200","900 to 1000","Mar-2019"
"319","EASTPOINT GREEN","SIMEI STREET 3","18","Non-landed Properties","3","2400","1100 to 1200","Mar-2019"
"320","EASTPOINT GREEN","SIMEI STREET 3","18","Non-landed Properties","2","2500","1100 to 1200","Mar-2019"
"321","EASTPOINT GREEN","SIMEI STREET 3","18","Non-landed Properties","3","2700","1100 to 1200","Mar-2019"
"322","EASTPOINT GREEN","SIMEI STREET 3","18","Non-landed Properties","2","2100","900 to 1000","Mar-2019"
"323","EASTPOINT GREEN","SIMEI STREET 3","18","Non-landed Properties","2","2600","900 to 1000","Mar-2019"
"324","EASTPOINT GREEN","SIMEI STREET 3","18","Non-landed Properties","1","2100","600 to 700","Mar-2019"
"325","EASTPOINT GREEN","SIMEI STREET 3","18","Non-landed Properties","3","2700","1100 to 1200","Mar-2019"
"326","EASTPOINT GREEN","SIMEI STREET 3","18","Non-landed Properties","2","2100","900 to 1000","Mar-2019"
"327","EASTPOINT GREEN","SIMEI STREET 3","18","Non-landed Properties","2","2300","900 to 1000","Mar-2019"
"328","EASTPOINT GREEN","SIMEI STREET 3","18","Non-landed Properties","2","2200","900 to 1000","Mar-2019"
"329","EASTPOINT GREEN","SIMEI STREET 3","18","Non-landed Properties","3","2500","1100 to 1200","Mar-2019"
"330","EASTPOINT GREEN","SIMEI STREET 3","18","Non-landed Properties","3","3000","1100 to 1200","Mar-2019"
"331","EASTPOINT GREEN","SIMEI STREET 3","18","Non-landed Properties","2","2200","900 to 1000","Mar-2019"
"332","EASTPOINT GREEN","SIMEI STREET 3","18","Non-landed Properties","2","2250","900 to 1000","Mar-2019"
"333","EASTPOINT GREEN","SIMEI STREET 3","18","Non-landed Properties","3","2900","1100 to 1200","Feb-2019"
"334","EASTPOINT GREEN","SIMEI STREET 3","18","Non-landed Properties","3","2650","1100 to 1200","Feb-2019"
"335","EASTPOINT GREEN","SIMEI STREET 3","18","Non-landed Properties","2","2500","900 to 1000","Feb-2019"
"336","EASTPOINT GREEN","SIMEI STREET 3","18","Non-landed Properties","2","2400","900 to 1000","Feb-2019"
"337","EASTPOINT GREEN","SIMEI STREET 3","18","Non-landed Properties","2","2600","900 to 1000","Feb-2019"
"338","EASTPOINT GREEN","SIMEI STREET 3","18","Non-landed Properties","3","2800","1100 to 1200","Feb-2019"
"339","EASTPOINT GREEN","SIMEI STREET 3","18","Non-landed Properties","3","2900","1100 to 1200","Feb-2019"
"340","EASTPOINT GREEN","SIMEI STREET 3","18","Non-landed Properties","2","2400","900 to 1000","Feb-2019"
"341","EASTPOINT GREEN","SIMEI STREET 3","18","Non-landed Properties","2","2500","900 to 1000","Feb-2019"
"342","EASTPOINT GREEN","SIMEI STREET 3","18","Non-landed Properties","2","2400","900 to 1000","Feb-2019"
"343","EASTPOINT GREEN","SIMEI STREET 3","18","Non-landed Properties","2","2300","900 to 1000","Feb-2019"
"344","EASTPOINT GREEN","SIMEI STREET 3","18","Non-landed Properties","1","1800","600 to 700","Feb-2019"
"345","EASTPOINT GREEN","SIMEI STREET 3","18","Non-landed Properties","2","2200","900 to 1000","Jan-2019"
"346","EASTPOINT GREEN","SIMEI STREET 3","18","Non-landed Properties","3","2450","1100 to 1200","Jan-2019"
"347","EASTPOINT GREEN","SIMEI STREET 3","18","Non-landed Properties","2","2000","900 to 1000","Jan-2019"
"348","EASTPOINT GREEN","SIMEI STREET 3","18","Non-landed Properties","3","2700","1100 to 1200","Jan-2019"
"349","EASTPOINT GREEN","SIMEI STREET 3","18","Non-landed Properties","2","2450","900 to 1000","Jan-2019"
"350","EASTPOINT GREEN","SIMEI STREET 3","18","Non-landed Properties","3","2400","1100 to 1200","Jan-2019"
"351","EASTPOINT GREEN","SIMEI STREET 3","18","Non-landed Properties","3","2750","1100 to 1200","Jan-2019"
"352","EASTPOINT GREEN","SIMEI STREET 3","18","Non-landed Properties","3","2600","1100 to 1200","Jan-2019"
"353","EASTPOINT GREEN","SIMEI STREET 3","18","Non-landed Properties","2","2400","900 to 1000","Jan-2019"
"354","EASTPOINT GREEN","SIMEI STREET 3","18","Non-landed Properties","4","4250","1800 to 1900","Jan-2019"
"355","EASTPOINT GREEN","SIMEI STREET 3","18","Non-landed Properties","3","2700","1100 to 1200","Jan-2019"
"356","EASTPOINT GREEN","SIMEI STREET 3","18","Non-landed Properties","3","2750","1100 to 1200","Jan-2019"
"357","EASTPOINT GREEN","SIMEI STREET 3","18","Non-landed Properties","3","2800","1100 to 1200","Jan-2019"
"358","EASTPOINT GREEN","SIMEI STREET 3","18","Non-landed Properties","2","2450","900 to 1000","Jan-2019"
"359","EASTPOINT GREEN","SIMEI STREET 3","18","Non-landed Properties","2","2200","900 to 1000","Dec-2018"
"360","EASTPOINT GREEN","SIMEI STREET 3","18","Non-landed Properties","2","2450","900 to 1000","Dec-2018"
"361","EASTPOINT GREEN","SIMEI STREET 3","18","Non-landed Properties","3","2700","1100 to 1200","Dec-2018"
"362","EASTPOINT GREEN","SIMEI STREET 3","18","Non-landed Properties","2","2400","900 to 1000","Dec-2018"
"363","EASTPOINT GREEN","SIMEI STREET 3","18","Non-landed Properties","3","2300","1100 to 1200","Dec-2018"
"364","EASTPOINT GREEN","SIMEI STREET 3","18","Non-landed Properties","3","2350","1100 to 1200","Dec-2018"
"365","EASTPOINT GREEN","SIMEI STREET 3","18","Non-landed Properties","3","2750","1100 to 1200","Dec-2018"
"366","EASTPOINT GREEN","SIMEI STREET 3","18","Non-landed Properties","1","1900","700 to 800","Dec-2018"
"367","EASTPOINT GREEN","SIMEI STREET 3","18","Non-landed Properties","2","2400","900 to 1000","Dec-2018"
"368","EASTPOINT GREEN","SIMEI STREET 3","18","Non-landed Properties","2","2400","900 to 1000","Dec-2018"
"369","EASTPOINT GREEN","SIMEI STREET 3","18","Non-landed Properties","2","2400","900 to 1000","Dec-2018"
"370","EASTPOINT GREEN","SIMEI STREET 3","18","Non-landed Properties","2","2400","900 to 1000","Dec-2018"
"371","EASTPOINT GREEN","SIMEI STREET 3","18","Non-landed Properties","2","2300","900 to 1000","Dec-2018"
"372","EASTPOINT GREEN","SIMEI STREET 3","18","Non-landed Properties","3","2500","1100 to 1200","Dec-2018"
"373","EASTPOINT GREEN","SIMEI STREET 3","18","Non-landed Properties","3","2700","1100 to 1200","Dec-2018"
"374","EASTPOINT GREEN","SIMEI STREET 3","18","Non-landed Properties","2","2100","900 to 1000","Dec-2018"
"375","EASTPOINT GREEN","SIMEI STREET 3","18","Non-landed Properties","2","2850","900 to 1000","Nov-2018"
"376","EASTPOINT GREEN","SIMEI STREET 3","18","Non-landed Properties","3","2700","1100 to 1200","Nov-2018"
"377","EASTPOINT GREEN","SIMEI STREET 3","18","Non-landed Properties","2","2200","900 to 1000","Nov-2018"
"378","EASTPOINT GREEN","SIMEI STREET 3","18","Non-landed Properties","3","2600","1100 to 1200","Nov-2018"
"379","EASTPOINT GREEN","SIMEI STREET 3","18","Non-landed Properties","2","2750","1100 to 1200","Nov-2018"
"380","EASTPOINT GREEN","SIMEI STREET 3","18","Non-landed Properties","3","2800","1100 to 1200","Nov-2018"
"381","EASTPOINT GREEN","SIMEI STREET 3","18","Non-landed Properties","2","2450","900 to 1000","Nov-2018"
"382","EASTPOINT GREEN","SIMEI STREET 3","18","Non-landed Properties","2","2600","900 to 1000","Nov-2018"
"383","EASTPOINT GREEN","SIMEI STREET 3","18","Non-landed Properties","3","2650","1100 to 1200","Nov-2018"
"384","EASTPOINT GREEN","SIMEI STREET 3","18","Non-landed Properties","2","2200","900 to 1000","Nov-2018"
"385","EASTPOINT GREEN","SIMEI STREET 3","18","Non-landed Properties","3","2700","1100 to 1200","Nov-2018"
"386","EASTPOINT GREEN","SIMEI STREET 3","18","Non-landed Properties","2","700","900 to 1000","Nov-2018"
"387","EASTPOINT GREEN","SIMEI STREET 3","18","Non-landed Properties","3","2700","1100 to 1200","Nov-2018"
"388","EASTPOINT GREEN","SIMEI STREET 3","18","Non-landed Properties","3","2500","1100 to 1200","Nov-2018"
"389","EASTPOINT GREEN","SIMEI STREET 3","18","Non-landed Properties","3","2700","1100 to 1200","Nov-2018"
"390","EASTPOINT GREEN","SIMEI STREET 3","18","Non-landed Properties","3","2650","1100 to 1200","Nov-2018"
"391","EASTPOINT GREEN","SIMEI STREET 3","18","Non-landed Properties","2","2250","900 to 1000","Nov-2018"
"392","EASTPOINT GREEN","SIMEI STREET 3","18","Non-landed Properties","2","2300","900 to 1000","Nov-2018"
"393","EASTPOINT GREEN","SIMEI STREET 3","18","Non-landed Properties","2","2000","900 to 1000","Nov-2018"
"394","EASTPOINT GREEN","SIMEI STREET 3","18","Non-landed Properties","2","2300","900 to 1000","Nov-2018"
"395","EASTPOINT GREEN","SIMEI STREET 3","18","Non-landed Properties","3","2800","1100 to 1200","Nov-2018"
"396","EASTPOINT GREEN","SIMEI STREET 3","18","Non-landed Properties","3","2700","1100 to 1200","Nov-2018"
"397","EASTPOINT GREEN","SIMEI STREET 3","18","Non-landed Properties","2","2200","900 to 1000","Oct-2018"
"398","EASTPOINT GREEN","SIMEI STREET 3","18","Non-landed Properties","2","2300","900 to 1000","Oct-2018"
"399","EASTPOINT GREEN","SIMEI STREET 3","18","Non-landed Properties","2","2100","900 to 1000","Oct-2018"
"400","EASTPOINT GREEN","SIMEI STREET 3","18","Non-landed Properties","1","1950","600 to 700","Oct-2018"
"401","EASTPOINT GREEN","SIMEI STREET 3","18","Non-landed Properties","3","2700","1100 to 1200","Oct-2018"
"402","EASTPOINT GREEN","SIMEI STREET 3","18","Non-landed Properties","2","2800","900 to 1000","Oct-2018"
"403","EASTPOINT GREEN","SIMEI STREET 3","18","Non-landed Properties","3","2780","1100 to 1200","Oct-2018"
"404","EASTPOINT GREEN","SIMEI STREET 3","18","Non-landed Properties","2","2300","900 to 1000","Oct-2018"
"405","EASTPOINT GREEN","SIMEI STREET 3","18","Non-landed Properties","2","2200","900 to 1000","Oct-2018"
"406","EASTPOINT GREEN","SIMEI STREET 3","18","Non-landed Properties","2","2200","900 to 1000","Oct-2018"
"407","EASTPOINT GREEN","SIMEI STREET 3","18","Non-landed Properties","2","2200","900 to 1000","Oct-2018"
"408","EASTPOINT GREEN","SIMEI STREET 3","18","Non-landed Properties","3","2700","1100 to 1200","Oct-2018"
"409","EASTPOINT GREEN","SIMEI STREET 3","18","Non-landed Properties","2","2500","900 to 1000","Sep-2018"
"410","EASTPOINT GREEN","SIMEI STREET 3","18","Non-landed Properties","2","2400","900 to 1000","Sep-2018"
"411","EASTPOINT GREEN","SIMEI STREET 3","18","Non-landed Properties","2","2100","900 to 1000","Sep-2018"
"412","EASTPOINT GREEN","SIMEI STREET 3","18","Non-landed Properties","3","2900","1100 to 1200","Sep-2018"
"413","EASTPOINT GREEN","SIMEI STREET 3","18","Non-landed Properties","3","2700","1100 to 1200","Sep-2018"
"414","EASTPOINT GREEN","SIMEI STREET 3","18","Non-landed Properties","2","2400","900 to 1000","Sep-2018"
"415","EASTPOINT GREEN","SIMEI STREET 3","18","Non-landed Properties","2","2000","900 to 1000","Sep-2018"
"416","EASTPOINT GREEN","SIMEI STREET 3","18","Non-landed Properties","2","2300","900 to 1000","Sep-2018"
"417","EASTPOINT GREEN","SIMEI STREET 3","18","Non-landed Properties","3","2700","1100 to 1200","Sep-2018"
"418","EASTPOINT GREEN","SIMEI STREET 3","18","Non-landed Properties","1","2000","600 to 700","Sep-2018"
"419","EASTPOINT GREEN","SIMEI STREET 3","18","Non-landed Properties","2","2900","900 to 1000","Sep-2018"
"420","EASTPOINT GREEN","SIMEI STREET 3","18","Non-landed Properties","2","2200","900 to 1000","Sep-2018"
"421","EASTPOINT GREEN","SIMEI STREET 3","18","Non-landed Properties","3","2400","1100 to 1200","Aug-2018"
"422","EASTPOINT GREEN","SIMEI STREET 3","18","Non-landed Properties","3","2400","1100 to 1200","Aug-2018"
"423","EASTPOINT GREEN","SIMEI STREET 3","18","Non-landed Properties","2","2100","900 to 1000","Aug-2018"
"424","EASTPOINT GREEN","SIMEI STREET 3","18","Non-landed Properties","3","2850","1100 to 1200","Aug-2018"
"425","EASTPOINT GREEN","SIMEI STREET 3","18","Non-landed Properties","2","2400","900 to 1000","Aug-2018"
"426","EASTPOINT GREEN","SIMEI STREET 3","18","Non-landed Properties","2","2300","900 to 1000","Aug-2018"
"427","EASTPOINT GREEN","SIMEI STREET 3","18","Non-landed Properties","1","1900","600 to 700","Aug-2018"
"428","EASTPOINT GREEN","SIMEI STREET 3","18","Non-landed Properties","2","2300","900 to 1000","Aug-2018"
"429","EASTPOINT GREEN","SIMEI STREET 3","18","Non-landed Properties","3","2700","1100 to 1200","Aug-2018"
"430","EASTPOINT GREEN","SIMEI STREET 3","18","Non-landed Properties","2","2400","900 to 1000","Aug-2018"
"431","EASTPOINT GREEN","SIMEI STREET 3","18","Non-landed Properties","2","2600","1100 to 1200","Aug-2018"
"432","EASTPOINT GREEN","SIMEI STREET 3","18","Non-landed Properties","2","2200","900 to 1000","Aug-2018"
"433","EASTPOINT GREEN","SIMEI STREET 3","18","Non-landed Properties","3","2700","1100 to 1200","Aug-2018"
"434","EASTPOINT GREEN","SIMEI STREET 3","18","Non-landed Properties","2","2400","900 to 1000","Aug-2018"
"435","EASTPOINT GREEN","SIMEI STREET 3","18","Non-landed Properties","2","2100","900 to 1000","Aug-2018"
"436","EASTPOINT GREEN","SIMEI STREET 3","18","Non-landed Properties","2","2300","900 to 1000","Jul-2018"
"437","EASTPOINT GREEN","SIMEI STREET 3","18","Non-landed Properties","2","2300","900 to 1000","Jul-2018"
"438","EASTPOINT GREEN","SIMEI STREET 3","18","Non-landed Properties","2","2200","900 to 1000","Jul-2018"
"439","EASTPOINT GREEN","SIMEI STREET 3","18","Non-landed Properties","3","2650","1100 to 1200","Jul-2018"
"440","EASTPOINT GREEN","SIMEI STREET 3","18","Non-landed Properties","2","2600","900 to 1000","Jul-2018"
"441","EASTPOINT GREEN","SIMEI STREET 3","18","Non-landed Properties","2","2250","900 to 1000","Jul-2018"
"442","EASTPOINT GREEN","SIMEI STREET 3","18","Non-landed Properties","3","2700","1100 to 1200","Jul-2018"
"443","EASTPOINT GREEN","SIMEI STREET 3","18","Non-landed Properties","3","2800","1100 to 1200","Jul-2018"
"444","EASTPOINT GREEN","SIMEI STREET 3","18","Non-landed Properties","3","2500","1100 to 1200","Jul-2018"
"445","EASTPOINT GREEN","SIMEI STREET 3","18","Non-landed Properties","3","2800","1100 to 1200","Jul-2018"
"446","EASTPOINT GREEN","SIMEI STREET 3","18","Non-landed Properties","3","2600","1100 to 1200","Jul-2018"
"447","EASTPOINT GREEN","SIMEI STREET 3","18","Non-landed Properties","3","2800","1100 to 1200","Jul-2018"
"448","EASTPOINT GREEN","SIMEI STREET 3","18","Non-landed Properties","3","2600","1100 to 1200","Jul-2018"
"449","EASTPOINT GREEN","SIMEI STREET 3","18","Non-landed Properties","3","2700","1100 to 1200","Jul-2018"
"450","EASTPOINT GREEN","SIMEI STREET 3","18","Non-landed Properties","2","2200","900 to 1000","Jul-2018"
"451","EASTPOINT GREEN","SIMEI STREET 3","18","Non-landed Properties","2","2400","900 to 1000","Jul-2018"
"452","EASTPOINT GREEN","SIMEI STREET 3","18","Non-landed Properties","2","2400","900 to 1000","Jul-2018"
"453","EASTPOINT GREEN","SIMEI STREET 3","18","Non-landed Properties","4","3800","1800 to 1900","Jul-2018"
"454","EASTPOINT GREEN","SIMEI STREET 3","18","Non-landed Properties","3","2600","1100 to 1200","Jul-2018"
"455","EASTPOINT GREEN","SIMEI STREET 3","18","Non-landed Properties","3","2600","1100 to 1200","Jul-2018"
"456","EASTPOINT GREEN","SIMEI STREET 3","18","Non-landed Properties","2","2100","900 to 1000","Jun-2018"
"457","EASTPOINT GREEN","SIMEI STREET 3","18","Non-landed Properties","3","2800","1100 to 1200","Jun-2018"
"458","EASTPOINT GREEN","SIMEI STREET 3","18","Non-landed Properties","3","2700","1100 to 1200","Jun-2018"
"459","EASTPOINT GREEN","SIMEI STREET 3","18","Non-landed Properties","3","2600","1100 to 1200","Jun-2018"
"460","EASTPOINT GREEN","SIMEI STREET 3","18","Non-landed Properties","3","2600","1100 to 1200","Jun-2018"
"461","EASTPOINT GREEN","SIMEI STREET 3","18","Non-landed Properties","4","4100","1900 to 2000","Jun-2018"
"462","EASTPOINT GREEN","SIMEI STREET 3","18","Non-landed Properties","2","2250","900 to 1000","Jun-2018"
"463","EASTPOINT GREEN","SIMEI STREET 3","18","Non-landed Properties","2","2400","900 to 1000","Jun-2018"
"464","EASTPOINT GREEN","SIMEI STREET 3","18","Non-landed Properties","3","2850","1100 to 1200","Jun-2018"
"465","EASTPOINT GREEN","SIMEI STREET 3","18","Non-landed Properties","2","2600","900 to 1000","May-2018"
"466","EASTPOINT GREEN","SIMEI STREET 3","18","Non-landed Properties","2","2800","1100 to 1200","May-2018"
"467","EASTPOINT GREEN","SIMEI STREET 3","18","Non-landed Properties","3","2800","1100 to 1200","May-2018"
"468","EASTPOINT GREEN","SIMEI STREET 3","18","Non-landed Properties","2","2400","900 to 1000","May-2018"
"469","EASTPOINT GREEN","SIMEI STREET 3","18","Non-landed Properties","2","2300","900 to 1000","May-2018"
"470","EASTPOINT GREEN","SIMEI STREET 3","18","Non-landed Properties","3","2750","1100 to 1200","May-2018"
"471","EASTPOINT GREEN","SIMEI STREET 3","18","Non-landed Properties","3","3000","1100 to 1200","May-2018"
"472","EASTPOINT GREEN","SIMEI STREET 3","18","Non-landed Properties","3","2650","1100 to 1200","May-2018"
"473","EASTPOINT GREEN","SIMEI STREET 3","18","Non-landed Properties","2","2200","900 to 1000","May-2018"
"474","EASTPOINT GREEN","SIMEI STREET 3","18","Non-landed Properties","3","2550","1100 to 1200","May-2018"
"475","EASTPOINT GREEN","SIMEI STREET 3","18","Non-landed Properties","2","2600","900 to 1000","May-2018"
"476","EASTPOINT GREEN","SIMEI STREET 3","18","Non-landed Properties","3","2500","1100 to 1200","May-2018"
"477","EASTPOINT GREEN","SIMEI STREET 3","18","Non-landed Properties","2","2400","900 to 1000","May-2018"
"478","EASTPOINT GREEN","SIMEI STREET 3","18","Non-landed Properties","2","2300","900 to 1000","May-2018"
"479","EASTPOINT GREEN","SIMEI STREET 3","18","Non-landed Properties","2","3000","1100 to 1200","May-2018"
"480","EASTPOINT GREEN","SIMEI STREET 3","18","Non-landed Properties","3","2600","1100 to 1200","May-2018"
"481","EASTPOINT GREEN","SIMEI STREET 3","18","Non-landed Properties","2","2400","900 to 1000","May-2018"
"482","EASTPOINT GREEN","SIMEI STREET 3","18","Non-landed Properties","3","2500","1100 to 1200","May-2018"
"483","EASTPOINT GREEN","SIMEI STREET 3","18","Non-landed Properties","2","2500","900 to 1000","May-2018"
"484","EASTPOINT GREEN","SIMEI STREET 3","18","Non-landed Properties","3","2200","1100 to 1200","May-2018"
"485","EASTPOINT GREEN","SIMEI STREET 3","18","Non-landed Properties","2","2200","900 to 1000","Apr-2018"
"486","EASTPOINT GREEN","SIMEI STREET 3","18","Non-landed Properties","3","2800","1100 to 1200","Apr-2018"
"487","EASTPOINT GREEN","SIMEI STREET 3","18","Non-landed Properties","2","2200","900 to 1000","Apr-2018"
"488","EASTPOINT GREEN","SIMEI STREET 3","18","Non-landed Properties","2","2500","900 to 1000","Apr-2018"
"489","EASTPOINT GREEN","SIMEI STREET 3","18","Non-landed Properties","3","2600","1100 to 1200","Apr-2018"
"490","EASTPOINT GREEN","SIMEI STREET 3","18","Non-landed Properties","3","3500","1100 to 1200","Apr-2018"
"491","EASTPOINT GREEN","SIMEI STREET 3","18","Non-landed Properties","3","2650","1100 to 1200","Apr-2018"
"492","EASTPOINT GREEN","SIMEI STREET 3","18","Non-landed Properties","2","2350","900 to 1000","Apr-2018"
"493","EASTPOINT GREEN","SIMEI STREET 3","18","Non-landed Properties","2","2150","900 to 1000","Apr-2018"
"494","EASTPOINT GREEN","SIMEI STREET 3","18","Non-landed Properties","2","2300","900 to 1000","Apr-2018"
"495","EASTPOINT GREEN","SIMEI STREET 3","18","Non-landed Properties","3","2650","1100 to 1200","Apr-2018"
"496","EASTPOINT GREEN","SIMEI STREET 3","18","Non-landed Properties","2","2288","900 to 1000","Apr-2018"
"497","EASTPOINT GREEN","SIMEI STREET 3","18","Non-landed Properties","4","4150","1800 to 1900","Apr-2018"
"498","EASTPOINT GREEN","SIMEI STREET 3","18","Non-landed Properties","2","2200","900 to 1000","Apr-2018"
"499","EASTPOINT GREEN","SIMEI STREET 3","18","Non-landed Properties","2","2100","900 to 1000","Apr-2018"
"500","EASTPOINT GREEN","SIMEI STREET 3","18","Non-landed Properties","2","2100","900 to 1000","Mar-2018"
"501","EASTPOINT GREEN","SIMEI STREET 3","18","Non-landed Properties","3","2400","1100 to 1200","Mar-2018"
"502","EASTPOINT GREEN","SIMEI STREET 3","18","Non-landed Properties","3","2650","1100 to 1200","Mar-2018"
"503","EASTPOINT GREEN","SIMEI STREET 3","18","Non-landed Properties","2","2600","1100 to 1200","Mar-2018"
"504","EASTPOINT GREEN","SIMEI STREET 3","18","Non-landed Properties","3","2700","1100 to 1200","Mar-2018"
"505","EASTPOINT GREEN","SIMEI STREET 3","18","Non-landed Properties","2","2100","900 to 1000","Mar-2018"
"506","EASTPOINT GREEN","SIMEI STREET 3","18","Non-landed Properties","3","2550","1100 to 1200","Mar-2018"
"507","EASTPOINT GREEN","SIMEI STREET 3","18","Non-landed Properties","2","2200","900 to 1000","Mar-2018"
"508","EASTPOINT GREEN","SIMEI STREET 3","18","Non-landed Properties","2","2450","900 to 1000","Mar-2018"
"509","EASTPOINT GREEN","SIMEI STREET 3","18","Non-landed Properties","3","2550","1100 to 1200","Mar-2018"
"510","EASTPOINT GREEN","SIMEI STREET 3","18","Non-landed Properties","2","2200","900 to 1000","Mar-2018"
"511","EASTPOINT GREEN","SIMEI STREET 3","18","Non-landed Properties","2","2200","900 to 1000","Mar-2018"
"512","EASTPOINT GREEN","SIMEI STREET 3","18","Non-landed Properties","2","2250","900 to 1000","Mar-2018"
"513","EASTPOINT GREEN","SIMEI STREET 3","18","Non-landed Properties","2","2200","900 to 1000","Mar-2018"
"514","EASTPOINT GREEN","SIMEI STREET 3","18","Non-landed Properties","3","2500","1100 to 1200","Mar-2018"
"515","EASTPOINT GREEN","SIMEI STREET 3","18","Non-landed Properties","3","3000","1100 to 1200","Mar-2018"
"516","EASTPOINT GREEN","SIMEI STREET 3","18","Non-landed Properties","3","2950","1100 to 1200","Feb-2018"
"517","EASTPOINT GREEN","SIMEI STREET 3","18","Non-landed Properties","2","2300","900 to 1000","Feb-2018"
"518","EASTPOINT GREEN","SIMEI STREET 3","18","Non-landed Properties","3","2550","1100 to 1200","Feb-2018"
"519","EASTPOINT GREEN","SIMEI STREET 3","18","Non-landed Properties","3","2630","1100 to 1200","Feb-2018"
"520","EASTPOINT GREEN","SIMEI STREET 3","18","Non-landed Properties","2","2200","900 to 1000","Feb-2018"
"521","EASTPOINT GREEN","SIMEI STREET 3","18","Non-landed Properties","3","2750","1100 to 1200","Feb-2018"
"522","EASTPOINT GREEN","SIMEI STREET 3","18","Non-landed Properties","2","2300","900 to 1000","Feb-2018"
"523","EASTPOINT GREEN","SIMEI STREET 3","18","Non-landed Properties","2","2250","900 to 1000","Feb-2018"
"524","EASTPOINT GREEN","SIMEI STREET 3","18","Non-landed Properties","2","2400","900 to 1000","Feb-2018"
"525","EASTPOINT GREEN","SIMEI STREET 3","18","Non-landed Properties","2","2450","900 to 1000","Feb-2018"
"526","EASTPOINT GREEN","SIMEI STREET 3","18","Non-landed Properties","2","2400","900 to 1000","Feb-2018"
"527","EASTPOINT GREEN","SIMEI STREET 3","18","Non-landed Properties","2","2300","900 to 1000","Feb-2018"
"528","EASTPOINT GREEN","SIMEI STREET 3","18","Non-landed Properties","3","2400","1100 to 1200","Feb-2018"
"529","EASTPOINT GREEN","SIMEI STREET 3","18","Non-landed Properties","3","2600","1100 to 1200","Feb-2018"
"530","EASTPOINT GREEN","SIMEI STREET 3","18","Non-landed Properties","2","2200","900 to 1000","Jan-2018"
"531","EASTPOINT GREEN","SIMEI STREET 3","18","Non-landed Properties","3","2450","1100 to 1200","Jan-2018"
"532","EASTPOINT GREEN","SIMEI STREET 3","18","Non-landed Properties","2","2000","900 to 1000","Jan-2018"
"533","EASTPOINT GREEN","SIMEI STREET 3","18","Non-landed Properties","2","2600","900 to 1000","Jan-2018"
"534","EASTPOINT GREEN","SIMEI STREET 3","18","Non-landed Properties","2","2300","900 to 1000","Jan-2018"
"535","EASTPOINT GREEN","SIMEI STREET 3","18","Non-landed Properties","2","2150","900 to 1000","Jan-2018"
"536","EASTPOINT GREEN","SIMEI STREET 3","18","Non-landed Properties","3","2400","1100 to 1200","Jan-2018"
"537","EASTPOINT GREEN","SIMEI STREET 3","18","Non-landed Properties","3","2650","1100 to 1200","Jan-2018"
"538","EASTPOINT GREEN","SIMEI STREET 3","18","Non-landed Properties","5","4500","2300 to 2400","Jan-2018"
"539","EASTPOINT GREEN","SIMEI STREET 3","18","Non-landed Properties","3","2900","1100 to 1200","Jan-2018"
"540","EASTPOINT GREEN","SIMEI STREET 3","18","Non-landed Properties","3","2600","1100 to 1200","Jan-2018"
"541","EASTPOINT GREEN","SIMEI STREET 3","18","Non-landed Properties","3","2500","1100 to 1200","Jan-2018"
"542","EASTPOINT GREEN","SIMEI STREET 3","18","Non-landed Properties","3","2600","1100 to 1200","Jan-2018"
"543","EASTPOINT GREEN","SIMEI STREET 3","18","Non-landed Properties","2","2300","900 to 1000","Jan-2018"
"544","EASTPOINT GREEN","SIMEI STREET 3","18","Non-landed Properties","3","2750","1100 to 1200","Dec-2017"
"545","EASTPOINT GREEN","SIMEI STREET 3","18","Non-landed Properties","3","2400","1100 to 1200","Dec-2017"
"546","EASTPOINT GREEN","SIMEI STREET 3","18","Non-landed Properties","1","1800","600 to 700","Dec-2017"
"547","EASTPOINT GREEN","SIMEI STREET 3","18","Non-landed Properties","2","2100","900 to 1000","Dec-2017"
"548","EASTPOINT GREEN","SIMEI STREET 3","18","Non-landed Properties","3","2450","1100 to 1200","Dec-2017"
"549","EASTPOINT GREEN","SIMEI STREET 3","18","Non-landed Properties","4","4200","1800 to 1900","Dec-2017"
"550","EASTPOINT GREEN","SIMEI STREET 3","18","Non-landed Properties","2","2400","900 to 1000","Dec-2017"
"551","EASTPOINT GREEN","SIMEI STREET 3","18","Non-landed Properties","3","2400","1100 to 1200","Dec-2017"
"552","EASTPOINT GREEN","SIMEI STREET 3","18","Non-landed Properties","3","3000","1100 to 1200","Dec-2017"
"553","EASTPOINT GREEN","SIMEI STREET 3","18","Non-landed Properties","2","2200","900 to 1000","Dec-2017"
"554","EASTPOINT GREEN","SIMEI STREET 3","18","Non-landed Properties","2","2200","900 to 1000","Dec-2017"
"555","EASTPOINT GREEN","SIMEI STREET 3","18","Non-landed Properties","1","2000","700 to 800","Dec-2017"
"556","EASTPOINT GREEN","SIMEI STREET 3","18","Non-landed Properties","3","2800","1100 to 1200","Nov-2017"
"557","EASTPOINT GREEN","SIMEI STREET 3","18","Non-landed Properties","3","2700","1100 to 1200","Nov-2017"
"558","EASTPOINT GREEN","SIMEI STREET 3","18","Non-landed Properties","2","2750","900 to 1000","Nov-2017"
"559","EASTPOINT GREEN","SIMEI STREET 3","18","Non-landed Properties","2","2200","900 to 1000","Nov-2017"
"560","EASTPOINT GREEN","SIMEI STREET 3","18","Non-landed Properties","3","2400","1100 to 1200","Nov-2017"
"561","EASTPOINT GREEN","SIMEI STREET 3","18","Non-landed Properties","2","2300","900 to 1000","Nov-2017"
"562","EASTPOINT GREEN","SIMEI STREET 3","18","Non-landed Properties","2","2050","900 to 1000","Nov-2017"
"563","EASTPOINT GREEN","SIMEI STREET 3","18","Non-landed Properties","2","2200","900 to 1000","Nov-2017"
"564","EASTPOINT GREEN","SIMEI STREET 3","18","Non-landed Properties","3","2500","1100 to 1200","Nov-2017"
"565","EASTPOINT GREEN","SIMEI STREET 3","18","Non-landed Properties","2","2250","900 to 1000","Nov-2017"
"566","EASTPOINT GREEN","SIMEI STREET 3","18","Non-landed Properties","2","2200","900 to 1000","Oct-2017"
"567","EASTPOINT GREEN","SIMEI STREET 3","18","Non-landed Properties","2","2350","900 to 1000","Oct-2017"
"568","EASTPOINT GREEN","SIMEI STREET 3","18","Non-landed Properties","3","2850","1100 to 1200","Oct-2017"
"569","EASTPOINT GREEN","SIMEI STREET 3","18","Non-landed Properties","2","2400","900 to 1000","Oct-2017"
"570","EASTPOINT GREEN","SIMEI STREET 3","18","Non-landed Properties","2","2300","900 to 1000","Oct-2017"
"571","EASTPOINT GREEN","SIMEI STREET 3","18","Non-landed Properties","2","2200","900 to 1000","Oct-2017"
"572","EASTPOINT GREEN","SIMEI STREET 3","18","Non-landed Properties","2","2900","900 to 1000","Oct-2017"
"573","EASTPOINT GREEN","SIMEI STREET 3","18","Non-landed Properties","2","2400","900 to 1000","Oct-2017"
"574","EASTPOINT GREEN","SIMEI STREET 3","18","Non-landed Properties","3","2880","1100 to 1200","Oct-2017"
"575","EASTPOINT GREEN","SIMEI STREET 3","18","Non-landed Properties","2","2300","900 to 1000","Oct-2017"
"576","EASTPOINT GREEN","SIMEI STREET 3","18","Non-landed Properties","3","2700","1100 to 1200","Oct-2017"
"577","EASTPOINT GREEN","SIMEI STREET 3","18","Non-landed Properties","2","2200","900 to 1000","Oct-2017"
"578","EASTPOINT GREEN","SIMEI STREET 3","18","Non-landed Properties","2","2350","900 to 1000","Oct-2017"
"579","EASTPOINT GREEN","SIMEI STREET 3","18","Non-landed Properties","3","2700","1100 to 1200","Oct-2017"
"580","EASTPOINT GREEN","SIMEI STREET 3","18","Non-landed Properties","3","2800","1100 to 1200","Oct-2017"
"581","EASTPOINT GREEN","SIMEI STREET 3","18","Non-landed Properties","2","2500","900 to 1000","Sep-2017"
"582","EASTPOINT GREEN","SIMEI STREET 3","18","Non-landed Properties","2","2350","900 to 1000","Sep-2017"
"583","EASTPOINT GREEN","SIMEI STREET 3","18","Non-landed Properties","3","2900","1100 to 1200","Sep-2017"
"584","EASTPOINT GREEN","SIMEI STREET 3","18","Non-landed Properties","2","2550","900 to 1000","Sep-2017"
"585","EASTPOINT GREEN","SIMEI STREET 3","18","Non-landed Properties","3","3000","1100 to 1200","Sep-2017"
"586","EASTPOINT GREEN","SIMEI STREET 3","18","Non-landed Properties","2","2350","900 to 1000","Sep-2017"
"587","EASTPOINT GREEN","SIMEI STREET 3","18","Non-landed Properties","3","2550","1100 to 1200","Sep-2017"
"588","EASTPOINT GREEN","SIMEI STREET 3","18","Non-landed Properties","2","2200","900 to 1000","Sep-2017"
"589","EASTPOINT GREEN","SIMEI STREET 3","18","Non-landed Properties","3","2700","1100 to 1200","Sep-2017"
"590","EASTPOINT GREEN","SIMEI STREET 3","18","Non-landed Properties","3","2600","1100 to 1200","Sep-2017"
"591","EASTPOINT GREEN","SIMEI STREET 3","18","Non-landed Properties","2","2400","900 to 1000","Sep-2017"
"592","EASTPOINT GREEN","SIMEI STREET 3","18","Non-landed Properties","3","3400","1100 to 1200","Sep-2017"
"593","EASTPOINT GREEN","SIMEI STREET 3","18","Non-landed Properties","2","2300","900 to 1000","Sep-2017"
"594","EASTPOINT GREEN","SIMEI STREET 3","18","Non-landed Properties","3","2450","1100 to 1200","Sep-2017"
"595","EASTPOINT GREEN","SIMEI STREET 3","18","Non-landed Properties","3","2700","1100 to 1200","Sep-2017"
"596","EASTPOINT GREEN","SIMEI STREET 3","18","Non-landed Properties","3","3500","1100 to 1200","Sep-2017"
"597","EASTPOINT GREEN","SIMEI STREET 3","18","Non-landed Properties","2","2350","900 to 1000","Sep-2017"
"598","EASTPOINT GREEN","SIMEI STREET 3","18","Non-landed Properties","2","2450","900 to 1000","Aug-2017"
"599","EASTPOINT GREEN","SIMEI STREET 3","18","Non-landed Properties","1","2000","600 to 700","Aug-2017"
"600","EASTPOINT GREEN","SIMEI STREET 3","18","Non-landed Properties","3","2800","1100 to 1200","Aug-2017"
"601","EASTPOINT GREEN","SIMEI STREET 3","18","Non-landed Properties","3","2850","1100 to 1200","Aug-2017"
"602","EASTPOINT GREEN","SIMEI STREET 3","18","Non-landed Properties","3","2600","1100 to 1200","Aug-2017"
"603","EASTPOINT GREEN","SIMEI STREET 3","18","Non-landed Properties","3","2600","1100 to 1200","Aug-2017"
"604","EASTPOINT GREEN","SIMEI STREET 3","18","Non-landed Properties","2","2300","900 to 1000","Aug-2017"
"605","EASTPOINT GREEN","SIMEI STREET 3","18","Non-landed Properties","3","2800","1100 to 1200","Aug-2017"
"606","EASTPOINT GREEN","SIMEI STREET 3","18","Non-landed Properties","3","2700","1100 to 1200","Aug-2017"
"607","EASTPOINT GREEN","SIMEI STREET 3","18","Non-landed Properties","2","2600","900 to 1000","Aug-2017"
"608","EASTPOINT GREEN","SIMEI STREET 3","18","Non-landed Properties","2","2400","900 to 1000","Aug-2017"
"609","EASTPOINT GREEN","SIMEI STREET 3","18","Non-landed Properties","2","2300","900 to 1000","Jul-2017"
"610","EASTPOINT GREEN","SIMEI STREET 3","18","Non-landed Properties","2","2100","900 to 1000","Jul-2017"
"611","EASTPOINT GREEN","SIMEI STREET 3","18","Non-landed Properties","2","2250","900 to 1000","Jul-2017"
"612","EASTPOINT GREEN","SIMEI STREET 3","18","Non-landed Properties","2","2400","900 to 1000","Jul-2017"
"613","EASTPOINT GREEN","SIMEI STREET 3","18","Non-landed Properties","2","2450","900 to 1000","Jul-2017"
"614","EASTPOINT GREEN","SIMEI STREET 3","18","Non-landed Properties","3","2600","1100 to 1200","Jul-2017"
"615","EASTPOINT GREEN","SIMEI STREET 3","18","Non-landed Properties","2","2600","900 to 1000","Jul-2017"
"616","EASTPOINT GREEN","SIMEI STREET 3","18","Non-landed Properties","2","2280","900 to 1000","Jul-2017"
"617","EASTPOINT GREEN","SIMEI STREET 3","18","Non-landed Properties","2","2200","900 to 1000","Jul-2017"
"618","EASTPOINT GREEN","SIMEI STREET 3","18","Non-landed Properties","2","3000","1100 to 1200","Jul-2017"
"619","EASTPOINT GREEN","SIMEI STREET 3","18","Non-landed Properties","2","2250","900 to 1000","Jul-2017"
"620","EASTPOINT GREEN","SIMEI STREET 3","18","Non-landed Properties","3","2850","1100 to 1200","Jul-2017"
"621","EASTPOINT GREEN","SIMEI STREET 3","18","Non-landed Properties","2","2200","900 to 1000","Jul-2017"
"622","EASTPOINT GREEN","SIMEI STREET 3","18","Non-landed Properties","3","2600","1100 to 1200","Jul-2017"
"623","EASTPOINT GREEN","SIMEI STREET 3","18","Non-landed Properties","2","2200","900 to 1000","Jul-2017"
"624","EASTPOINT GREEN","SIMEI STREET 3","18","Non-landed Properties","3","2600","1100 to 1200","Jul-2017"
"625","EASTPOINT GREEN","SIMEI STREET 3","18","Non-landed Properties","2","2450","900 to 1000","Jul-2017"
"626","EASTPOINT GREEN","SIMEI STREET 3","18","Non-landed Properties","3","2700","1100 to 1200","Jul-2017"
"627","EASTPOINT GREEN","SIMEI STREET 3","18","Non-landed Properties","2","2200","900 to 1000","Jul-2017"
"628","EASTPOINT GREEN","SIMEI STREET 3","18","Non-landed Properties","3","2900","1100 to 1200","Jun-2017"
"629","EASTPOINT GREEN","SIMEI STREET 3","18","Non-landed Properties","2","2750","900 to 1000","Jun-2017"
"630","EASTPOINT GREEN","SIMEI STREET 3","18","Non-landed Properties","3","2800","1100 to 1200","Jun-2017"
"631","EASTPOINT GREEN","SIMEI STREET 3","18","Non-landed Properties","2","2300","900 to 1000","Jun-2017"
"632","EASTPOINT GREEN","SIMEI STREET 3","18","Non-landed Properties","3","2700","1100 to 1200","Jun-2017"
"633","EASTPOINT GREEN","SIMEI STREET 3","18","Non-landed Properties","3","2900","1100 to 1200","Jun-2017"
"634","EASTPOINT GREEN","SIMEI STREET 3","18","Non-landed Properties","3","2850","1100 to 1200","Jun-2017"
"635","EASTPOINT GREEN","SIMEI STREET 3","18","Non-landed Properties","1","2000","600 to 700","Jun-2017"
"636","EASTPOINT GREEN","SIMEI STREET 3","18","Non-landed Properties","3","2800","1100 to 1200","Jun-2017"
"637","EASTPOINT GREEN","SIMEI STREET 3","18","Non-landed Properties","2","2400","900 to 1000","Jun-2017"
"638","EASTPOINT GREEN","SIMEI STREET 3","18","Non-landed Properties","2","2400","900 to 1000","Jun-2017"
"639","EASTPOINT GREEN","SIMEI STREET 3","18","Non-landed Properties","5","5200","2300 to 2400","Jun-2017"
"640","EASTPOINT GREEN","SIMEI STREET 3","18","Non-landed Properties","4","4100","1900 to 2000","Jun-2017"
"641","EASTPOINT GREEN","SIMEI STREET 3","18","Non-landed Properties","2","2400","900 to 1000","Jun-2017"
"642","EASTPOINT GREEN","SIMEI STREET 3","18","Non-landed Properties","2","2200","900 to 1000","Jun-2017"
"643","EASTPOINT GREEN","SIMEI STREET 3","18","Non-landed Properties","3","3000","1100 to 1200","Jun-2017"
"644","EASTPOINT GREEN","SIMEI STREET 3","18","Non-landed Properties","2","2200","900 to 1000","Jun-2017"
"645","EASTPOINT GREEN","SIMEI STREET 3","18","Non-landed Properties","2","2500","900 to 1000","May-2017"
"646","EASTPOINT GREEN","SIMEI STREET 3","18","Non-landed Properties","2","2850","900 to 1000","May-2017"
"647","EASTPOINT GREEN","SIMEI STREET 3","18","Non-landed Properties","2","2600","900 to 1000","May-2017"
"648","EASTPOINT GREEN","SIMEI STREET 3","18","Non-landed Properties","2","2400","900 to 1000","May-2017"
"649","EASTPOINT GREEN","SIMEI STREET 3","18","Non-landed Properties","3","2800","1100 to 1200","May-2017"
"650","EASTPOINT GREEN","SIMEI STREET 3","18","Non-landed Properties","2","2300","900 to 1000","May-2017"
"651","EASTPOINT GREEN","SIMEI STREET 3","18","Non-landed Properties","2","2900","900 to 1000","May-2017"
"652","EASTPOINT GREEN","SIMEI STREET 3","18","Non-landed Properties","2","2600","900 to 1000","May-2017"
"653","EASTPOINT GREEN","SIMEI STREET 3","18","Non-landed Properties","3","2800","1100 to 1200","May-2017"
"654","EASTPOINT GREEN","SIMEI STREET 3","18","Non-landed Properties","3","2850","1100 to 1200","May-2017"
"655","EASTPOINT GREEN","SIMEI STREET 3","18","Non-landed Properties","2","3000","1100 to 1200","May-2017"
"656","EASTPOINT GREEN","SIMEI STREET 3","18","Non-landed Properties","3","3100","1100 to 1200","May-2017"
"657","EASTPOINT GREEN","SIMEI STREET 3","18","Non-landed Properties","3","2800","1100 to 1200","May-2017"
"658","EASTPOINT GREEN","SIMEI STREET 3","18","Non-landed Properties","2","2250","900 to 1000","May-2017"
"659","EASTPOINT GREEN","SIMEI STREET 3","18","Non-landed Properties","2","2400","900 to 1000","May-2017"
"660","EASTPOINT GREEN","SIMEI STREET 3","18","Non-landed Properties","3","2500","1100 to 1200","May-2017"
"661","EASTPOINT GREEN","SIMEI STREET 3","18","Non-landed Properties","3","2900","1100 to 1200","May-2017"
"662","EASTPOINT GREEN","SIMEI STREET 3","18","Non-landed Properties","3","3050","1100 to 1200","Apr-2017"
"663","EASTPOINT GREEN","SIMEI STREET 3","18","Non-landed Properties","2","2250","900 to 1000","Apr-2017"
"664","EASTPOINT GREEN","SIMEI STREET 3","18","Non-landed Properties","2","2100","900 to 1000","Apr-2017"
"665","EASTPOINT GREEN","SIMEI STREET 3","18","Non-landed Properties","2","2388","900 to 1000","Apr-2017"
"666","EASTPOINT GREEN","SIMEI STREET 3","18","Non-landed Properties","3","2900","1100 to 1200","Apr-2017"
"667","EASTPOINT GREEN","SIMEI STREET 3","18","Non-landed Properties","3","2800","1100 to 1200","Apr-2017"
"668","EASTPOINT GREEN","SIMEI STREET 3","18","Non-landed Properties","4","4100","1900 to 2000","Apr-2017"
"669","EASTPOINT GREEN","SIMEI STREET 3","18","Non-landed Properties","3","2650","1100 to 1200","Apr-2017"
"670","EASTPOINT GREEN","SIMEI STREET 3","18","Non-landed Properties","3","2900","1100 to 1200","Apr-2017"
"671","EASTPOINT GREEN","SIMEI STREET 3","18","Non-landed Properties","2","2200","900 to 1000","Apr-2017"
"672","EASTPOINT GREEN","SIMEI STREET 3","18","Non-landed Properties","2","2500","900 to 1000","Apr-2017"
"673","EASTPOINT GREEN","SIMEI STREET 3","18","Non-landed Properties","2","2200","900 to 1000","Apr-2017"
"674","EASTPOINT GREEN","SIMEI STREET 3","18","Non-landed Properties","3","2900","1100 to 1200","Apr-2017"
"675","EASTPOINT GREEN","SIMEI STREET 3","18","Non-landed Properties","2","2200","900 to 1000","Mar-2017"
"676","EASTPOINT GREEN","SIMEI STREET 3","18","Non-landed Properties","2","2100","900 to 1000","Mar-2017"
"677","EASTPOINT GREEN","SIMEI STREET 3","18","Non-landed Properties","3","2600","1100 to 1200","Mar-2017"
"678","EASTPOINT GREEN","SIMEI STREET 3","18","Non-landed Properties","3","2500","1100 to 1200","Mar-2017"
"679","EASTPOINT GREEN","SIMEI STREET 3","18","Non-landed Properties","2","2200","900 to 1000","Mar-2017"
"680","EASTPOINT GREEN","SIMEI STREET 3","18","Non-landed Properties","2","2600","900 to 1000","Mar-2017"
"681","EASTPOINT GREEN","SIMEI STREET 3","18","Non-landed Properties","2","2600","900 to 1000","Mar-2017"
"682","EASTPOINT GREEN","SIMEI STREET 3","18","Non-landed Properties","2","2500","1100 to 1200","Mar-2017"
"683","EASTPOINT GREEN","SIMEI STREET 3","18","Non-landed Properties","3","2800","1100 to 1200","Mar-2017"
"684","EASTPOINT GREEN","SIMEI STREET 3","18","Non-landed Properties","3","2700","1100 to 1200","Mar-2017"
"685","EASTPOINT GREEN","SIMEI STREET 3","18","Non-landed Properties","2","2400","900 to 1000","Mar-2017"
"686","EASTPOINT GREEN","SIMEI STREET 3","18","Non-landed Properties","2","2500","900 to 1000","Mar-2017"
"687","EASTPOINT GREEN","SIMEI STREET 3","18","Non-landed Properties","3","3400","1100 to 1200","Mar-2017"
"688","EASTPOINT GREEN","SIMEI STREET 3","18","Non-landed Properties","3","3000","1100 to 1200","Feb-2017"
"689","EASTPOINT GREEN","SIMEI STREET 3","18","Non-landed Properties","3","2650","1100 to 1200","Feb-2017"
"690","EASTPOINT GREEN","SIMEI STREET 3","18","Non-landed Properties","3","2500","1100 to 1200","Feb-2017"
"691","EASTPOINT GREEN","SIMEI STREET 3","18","Non-landed Properties","3","2850","1100 to 1200","Feb-2017"
"692","EASTPOINT GREEN","SIMEI STREET 3","18","Non-landed Properties","2","2600","900 to 1000","Feb-2017"
"693","EASTPOINT GREEN","SIMEI STREET 3","18","Non-landed Properties","2","2600","900 to 1000","Feb-2017"
"694","EASTPOINT GREEN","SIMEI STREET 3","18","Non-landed Properties","2","2300","900 to 1000","Feb-2017"
"695","EASTPOINT GREEN","SIMEI STREET 3","18","Non-landed Properties","3","2850","1100 to 1200","Feb-2017"
"696","EASTPOINT GREEN","SIMEI STREET 3","18","Non-landed Properties","1","2100","600 to 700","Feb-2017"
"697","EASTPOINT GREEN","SIMEI STREET 3","18","Non-landed Properties","3","2825","1100 to 1200","Feb-2017"
"698","EASTPOINT GREEN","SIMEI STREET 3","18","Non-landed Properties","2","2450","900 to 1000","Feb-2017"
"699","EASTPOINT GREEN","SIMEI STREET 3","18","Non-landed Properties","2","2450","900 to 1000","Feb-2017"
"700","EASTPOINT GREEN","SIMEI STREET 3","18","Non-landed Properties","3","2500","1100 to 1200","Jan-2017"
"701","EASTPOINT GREEN","SIMEI STREET 3","18","Non-landed Properties","2","2600","900 to 1000","Jan-2017"
"702","EASTPOINT GREEN","SIMEI STREET 3","18","Non-landed Properties","2","2400","900 to 1000","Jan-2017"
"703","EASTPOINT GREEN","SIMEI STREET 3","18","Non-landed Properties","2","2350","900 to 1000","Jan-2017"
"704","EASTPOINT GREEN","SIMEI STREET 3","18","Non-landed Properties","2","2650","900 to 1000","Jan-2017"
"705","EASTPOINT GREEN","SIMEI STREET 3","18","Non-landed Properties","2","2600","900 to 1000","Jan-2017"
"706","EASTPOINT GREEN","SIMEI STREET 3","18","Non-landed Properties","2","2400","900 to 1000","Jan-2017"
"707","EASTPOINT GREEN","SIMEI STREET 3","18","Non-landed Properties","2","2250","900 to 1000","Jan-2017"
"708","EASTPOINT GREEN","SIMEI STREET 3","18","Non-landed Properties","3","2850","1100 to 1200","Jan-2017"
"709","EASTPOINT GREEN","SIMEI STREET 3","18","Non-landed Properties","2","2400","900 to 1000","Jan-2017"
"710","EASTPOINT GREEN","SIMEI STREET 3","18","Non-landed Properties","2","2100","900 to 1000","Jan-2017"
"711","EASTPOINT GREEN","SIMEI STREET 3","18","Non-landed Properties","3","2900","1100 to 1200","Dec-2016"
"712","EASTPOINT GREEN","SIMEI STREET 3","18","Non-landed Properties","2","2450","900 to 1000","Dec-2016"
"713","EASTPOINT GREEN","SIMEI STREET 3","18","Non-landed Properties","2","2250","900 to 1000","Dec-2016"
"714","EASTPOINT GREEN","SIMEI STREET 3","18","Non-landed Properties","3","2700","1100 to 1200","Dec-2016"
"715","EASTPOINT GREEN","SIMEI STREET 3","18","Non-landed Properties","2","2400","900 to 1000","Dec-2016"
"716","EASTPOINT GREEN","SIMEI STREET 3","18","Non-landed Properties","3","3000","1100 to 1200","Dec-2016"
"717","EASTPOINT GREEN","SIMEI STREET 3","18","Non-landed Properties","3","2800","1100 to 1200","Dec-2016"
"718","EASTPOINT GREEN","SIMEI STREET 3","18","Non-landed Properties","2","2350","900 to 1000","Dec-2016"
"719","EASTPOINT GREEN","SIMEI STREET 3","18","Non-landed Properties","2","2500","900 to 1000","Dec-2016"
"720","EASTPOINT GREEN","SIMEI STREET 3","18","Non-landed Properties","1","2200","600 to 700","Dec-2016"
"721","EASTPOINT GREEN","SIMEI STREET 3","18","Non-landed Properties","1","1900","600 to 700","Nov-2016"
"722","EASTPOINT GREEN","SIMEI STREET 3","18","Non-landed Properties","2","2450","900 to 1000","Nov-2016"
"723","EASTPOINT GREEN","SIMEI STREET 3","18","Non-landed Properties","2","2400","900 to 1000","Nov-2016"
"724","EASTPOINT GREEN","SIMEI STREET 3","18","Non-landed Properties","3","2850","1100 to 1200","Nov-2016"
"725","EASTPOINT GREEN","SIMEI STREET 3","18","Non-landed Properties","3","2950","1100 to 1200","Nov-2016"
"726","EASTPOINT GREEN","SIMEI STREET 3","18","Non-landed Properties","3","2850","1100 to 1200","Nov-2016"
"727","EASTPOINT GREEN","SIMEI STREET 3","18","Non-landed Properties","2","2550","900 to 1000","Nov-2016"
"728","EASTPOINT GREEN","SIMEI STREET 3","18","Non-landed Properties","2","2750","900 to 1000","Nov-2016"
"729","EASTPOINT GREEN","SIMEI STREET 3","18","Non-landed Properties","2","2350","900 to 1000","Nov-2016"
"730","EASTPOINT GREEN","SIMEI STREET 3","18","Non-landed Properties","3","2750","1100 to 1200","Nov-2016"
"731","EASTPOINT GREEN","SIMEI STREET 3","18","Non-landed Properties","2","2400","900 to 1000","Nov-2016"
"732","EASTPOINT GREEN","SIMEI STREET 3","18","Non-landed Properties","2","2600","900 to 1000","Nov-2016"
"733","EASTPOINT GREEN","SIMEI STREET 3","18","Non-landed Properties","2","2400","900 to 1000","Nov-2016"
"734","EASTPOINT GREEN","SIMEI STREET 3","18","Non-landed Properties","3","3000","1100 to 1200","Nov-2016"
"735","EASTPOINT GREEN","SIMEI STREET 3","18","Non-landed Properties","2","2800","900 to 1000","Nov-2016"
"736","EASTPOINT GREEN","SIMEI STREET 3","18","Non-landed Properties","2","2400","900 to 1000","Nov-2016"
"737","EASTPOINT GREEN","SIMEI STREET 3","18","Non-landed Properties","3","2800","1100 to 1200","Nov-2016"
"738","EASTPOINT GREEN","SIMEI STREET 3","18","Non-landed Properties","2","2400","900 to 1000","Oct-2016"
"739","EASTPOINT GREEN","SIMEI STREET 3","18","Non-landed Properties","2","2500","900 to 1000","Oct-2016"
"740","EASTPOINT GREEN","SIMEI STREET 3","18","Non-landed Properties","2","2600","900 to 1000","Oct-2016"
"741","EASTPOINT GREEN","SIMEI STREET 3","18","Non-landed Properties","2","2400","900 to 1000","Oct-2016"
"742","EASTPOINT GREEN","SIMEI STREET 3","18","Non-landed Properties","2","2500","900 to 1000","Oct-2016"
"743","EASTPOINT GREEN","SIMEI STREET 3","18","Non-landed Properties","2","2600","900 to 1000","Oct-2016"
"744","EASTPOINT GREEN","SIMEI STREET 3","18","Non-landed Properties","3","2800","1100 to 1200","Oct-2016"
"745","EASTPOINT GREEN","SIMEI STREET 3","18","Non-landed Properties","2","2500","900 to 1000","Oct-2016"
"746","EASTPOINT GREEN","SIMEI STREET 3","18","Non-landed Properties","2","2600","900 to 1000","Oct-2016"
"747","EASTPOINT GREEN","SIMEI STREET 3","18","Non-landed Properties","2","2800","900 to 1000","Oct-2016"
"748","EASTPOINT GREEN","SIMEI STREET 3","18","Non-landed Properties","3","3000","1100 to 1200","Oct-2016"
"749","EASTPOINT GREEN","SIMEI STREET 3","18","Non-landed Properties","2","2450","900 to 1000","Oct-2016"
"750","EASTPOINT GREEN","SIMEI STREET 3","18","Non-landed Properties","3","3000","1100 to 1200","Oct-2016"
"751","EASTPOINT GREEN","SIMEI STREET 3","18","Non-landed Properties","3","2700","1100 to 1200","Oct-2016"
"752","EASTPOINT GREEN","SIMEI STREET 3","18","Non-landed Properties","2","2800","900 to 1000","Oct-2016"
"753","EASTPOINT GREEN","SIMEI STREET 3","18","Non-landed Properties","2","2200","900 to 1000","Oct-2016"
"754","EASTPOINT GREEN","SIMEI STREET 3","18","Non-landed Properties","2","2500","900 to 1000","Oct-2016"
"755","EASTPOINT GREEN","SIMEI STREET 3","18","Non-landed Properties","2","2500","900 to 1000","Oct-2016"
"756","EASTPOINT GREEN","SIMEI STREET 3","18","Non-landed Properties","2","2500","900 to 1000","Sep-2016"
"757","EASTPOINT GREEN","SIMEI STREET 3","18","Non-landed Properties","3","2750","1100 to 1200","Sep-2016"
"758","EASTPOINT GREEN","SIMEI STREET 3","18","Non-landed Properties","3","2900","1100 to 1200","Sep-2016"
"759","EASTPOINT GREEN","SIMEI STREET 3","18","Non-landed Properties","3","2500","1100 to 1200","Sep-2016"
"760","EASTPOINT GREEN","SIMEI STREET 3","18","Non-landed Properties","2","2300","900 to 1000","Sep-2016"
"761","EASTPOINT GREEN","SIMEI STREET 3","18","Non-landed Properties","2","3000","1100 to 1200","Sep-2016"
"762","EASTPOINT GREEN","SIMEI STREET 3","18","Non-landed Properties","2","2600","900 to 1000","Sep-2016"
"763","EASTPOINT GREEN","SIMEI STREET 3","18","Non-landed Properties","3","2450","1100 to 1200","Sep-2016"
"764","EASTPOINT GREEN","SIMEI STREET 3","18","Non-landed Properties","3","3400","1100 to 1200","Sep-2016"
"765","EASTPOINT GREEN","SIMEI STREET 3","18","Non-landed Properties","2","2600","900 to 1000","Aug-2016"
"766","EASTPOINT GREEN","SIMEI STREET 3","18","Non-landed Properties","2","3000","900 to 1000","Aug-2016"
"767","EASTPOINT GREEN","SIMEI STREET 3","18","Non-landed Properties","3","3000","1100 to 1200","Aug-2016"
"768","EASTPOINT GREEN","SIMEI STREET 3","18","Non-landed Properties","2","2500","900 to 1000","Aug-2016"
"769","EASTPOINT GREEN","SIMEI STREET 3","18","Non-landed Properties","3","2900","1100 to 1200","Aug-2016"
"770","EASTPOINT GREEN","SIMEI STREET 3","18","Non-landed Properties","3","2900","1100 to 1200","Aug-2016"
"771","EASTPOINT GREEN","SIMEI STREET 3","18","Non-landed Properties","2","2350","900 to 1000","Aug-2016"
"772","EASTPOINT GREEN","SIMEI STREET 3","18","Non-landed Properties","2","2600","1100 to 1200","Aug-2016"
"773","EASTPOINT GREEN","SIMEI STREET 3","18","Non-landed Properties","3","3000","1100 to 1200","Aug-2016"
"774","EASTPOINT GREEN","SIMEI STREET 3","18","Non-landed Properties","2","2400","900 to 1000","Aug-2016"
"775","EASTPOINT GREEN","SIMEI STREET 3","18","Non-landed Properties","4","4200","1900 to 2000","Aug-2016"
"776","EASTPOINT GREEN","SIMEI STREET 3","18","Non-landed Properties","2","2300","900 to 1000","Aug-2016"
"777","EASTPOINT GREEN","SIMEI STREET 3","18","Non-landed Properties","3","2800","1100 to 1200","Aug-2016"
"778","EASTPOINT GREEN","SIMEI STREET 3","18","Non-landed Properties","2","2800","900 to 1000","Aug-2016"
"779","EASTPOINT GREEN","SIMEI STREET 3","18","Non-landed Properties","4","4200","1800 to 1900","Aug-2016"
"780","EASTPOINT GREEN","SIMEI STREET 3","18","Non-landed Properties","2","2600","900 to 1000","Aug-2016"
"781","EASTPOINT GREEN","SIMEI STREET 3","18","Non-landed Properties","2","2600","900 to 1000","Aug-2016"
"782","EASTPOINT GREEN","SIMEI STREET 3","18","Non-landed Properties","2","2800","900 to 1000","Jul-2016"
"783","EASTPOINT GREEN","SIMEI STREET 3","18","Non-landed Properties","1","2100","600 to 700","Jul-2016"
"784","EASTPOINT GREEN","SIMEI STREET 3","18","Non-landed Properties","2","2550","900 to 1000","Jul-2016"
"785","EASTPOINT GREEN","SIMEI STREET 3","18","Non-landed Properties","3","2900","1100 to 1200","Jul-2016"
"786","EASTPOINT GREEN","SIMEI STREET 3","18","Non-landed Properties","2","2600","900 to 1000","Jul-2016"
"787","EASTPOINT GREEN","SIMEI STREET 3","18","Non-landed Properties","2","2800","900 to 1000","Jul-2016"
"788","EASTPOINT GREEN","SIMEI STREET 3","18","Non-landed Properties","2","2600","900 to 1000","Jul-2016"
"789","EASTPOINT GREEN","SIMEI STREET 3","18","Non-landed Properties","2","2300","900 to 1000","Jul-2016"
"790","EASTPOINT GREEN","SIMEI STREET 3","18","Non-landed Properties","3","2850","1100 to 1200","Jul-2016"
"791","EASTPOINT GREEN","SIMEI STREET 3","18","Non-landed Properties","3","3000","1100 to 1200","Jul-2016"
"792","EASTPOINT GREEN","SIMEI STREET 3","18","Non-landed Properties","2","3200","900 to 1000","Jul-2016"
"793","EASTPOINT GREEN","SIMEI STREET 3","18","Non-landed Properties","3","3050","1100 to 1200","Jul-2016"
"794","EASTPOINT GREEN","SIMEI STREET 3","18","Non-landed Properties","1","2000","600 to 700","Jul-2016"
"795","EASTPOINT GREEN","SIMEI STREET 3","18","Non-landed Properties","5","4300","2300 to 2400","Jul-2016"
"796","EASTPOINT GREEN","SIMEI STREET 3","18","Non-landed Properties","3","3000","1100 to 1200","Jul-2016"
"797","EASTPOINT GREEN","SIMEI STREET 3","18","Non-landed Properties","3","3100","1100 to 1200","Jul-2016"
"798","EASTPOINT GREEN","SIMEI STREET 3","18","Non-landed Properties","2","2600","900 to 1000","Jul-2016"
"799","EASTPOINT GREEN","SIMEI STREET 3","18","Non-landed Properties","3","3100","1100 to 1200","Jun-2016"
"800","EASTPOINT GREEN","SIMEI STREET 3","18","Non-landed Properties","2","2400","900 to 1000","Jun-2016"
"801","EASTPOINT GREEN","SIMEI STREET 3","18","Non-landed Properties","3","2800","1100 to 1200","Jun-2016"
"802","EASTPOINT GREEN","SIMEI STREET 3","18","Non-landed Properties","3","2800","1100 to 1200","Jun-2016"
"803","EASTPOINT GREEN","SIMEI STREET 3","18","Non-landed Properties","3","2900","1100 to 1200","Jun-2016"
"804","EASTPOINT GREEN","SIMEI STREET 3","18","Non-landed Properties","3","2900","1100 to 1200","Jun-2016"
"805","EASTPOINT GREEN","SIMEI STREET 3","18","Non-landed Properties","3","2850","1100 to 1200","Jun-2016"
"806","EASTPOINT GREEN","SIMEI STREET 3","18","Non-landed Properties","3","3200","1100 to 1200","Jun-2016"
"807","EASTPOINT GREEN","SIMEI STREET 3","18","Non-landed Properties","3","3200","1100 to 1200","Jun-2016"
"808","EASTPOINT GREEN","SIMEI STREET 3","18","Non-landed Properties","3","3000","1100 to 1200","Jun-2016"
"809","EASTPOINT GREEN","SIMEI STREET 3","18","Non-landed Properties","1","2100","600 to 700","Jun-2016"
"810","EASTPOINT GREEN","SIMEI STREET 3","18","Non-landed Properties","3","2500","1100 to 1200","Jun-2016"
"811","EASTPOINT GREEN","SIMEI STREET 3","18","Non-landed Properties","3","3150","1100 to 1200","Jun-2016"
"812","EASTPOINT GREEN","SIMEI STREET 3","18","Non-landed Properties","3","3000","1100 to 1200","Jun-2016"
"813","EASTPOINT GREEN","SIMEI STREET 3","18","Non-landed Properties","3","3400","1100 to 1200","Jun-2016"
"814","EASTPOINT GREEN","SIMEI STREET 3","18","Non-landed Properties","3","3100","1100 to 1200","Jun-2016"
"815","EASTPOINT GREEN","SIMEI STREET 3","18","Non-landed Properties","2","2800","900 to 1000","Jun-2016"
"816","EASTPOINT GREEN","SIMEI STREET 3","18","Non-landed Properties","3","3000","1100 to 1200","Jun-2016"
"817","EASTPOINT GREEN","SIMEI STREET 3","18","Non-landed Properties","2","2700","900 to 1000","Jun-2016"
"818","EASTPOINT GREEN","SIMEI STREET 3","18","Non-landed Properties","2","2500","900 to 1000","Jun-2016"
"819","EASTPOINT GREEN","SIMEI STREET 3","18","Non-landed Properties","3","3150","1100 to 1200","Jun-2016"
"820","EASTPOINT GREEN","SIMEI STREET 3","18","Non-landed Properties","2","2400","900 to 1000","May-2016"
"821","EASTPOINT GREEN","SIMEI STREET 3","18","Non-landed Properties","2","3000","900 to 1000","May-2016"
"822","EASTPOINT GREEN","SIMEI STREET 3","18","Non-landed Properties","2","2500","900 to 1000","May-2016"
"823","EASTPOINT GREEN","SIMEI STREET 3","18","Non-landed Properties","2","2750","900 to 1000","May-2016"
"824","EASTPOINT GREEN","SIMEI STREET 3","18","Non-landed Properties","2","2700","900 to 1000","May-2016"
"825","EASTPOINT GREEN","SIMEI STREET 3","18","Non-landed Properties","2","2800","1100 to 1200","May-2016"
"826","EASTPOINT GREEN","SIMEI STREET 3","18","Non-landed Properties","3","2800","1100 to 1200","May-2016"
"827","EASTPOINT GREEN","SIMEI STREET 3","18","Non-landed Properties","2","2700","900 to 1000","May-2016"
"828","EASTPOINT GREEN","SIMEI STREET 3","18","Non-landed Properties","2","2500","900 to 1000","May-2016"
"829","EASTPOINT GREEN","SIMEI STREET 3","18","Non-landed Properties","3","3000","1100 to 1200","May-2016"
"830","EASTPOINT GREEN","SIMEI STREET 3","18","Non-landed Properties","2","2600","900 to 1000","May-2016"
"831","EASTPOINT GREEN","SIMEI STREET 3","18","Non-landed Properties","2","2600","900 to 1000","May-2016"
"832","EASTPOINT GREEN","SIMEI STREET 3","18","Non-landed Properties","2","2600","900 to 1000","May-2016"
"833","EASTPOINT GREEN","SIMEI STREET 3","18","Non-landed Properties","3","3000","1100 to 1200","May-2016"
"834","EASTPOINT GREEN","SIMEI STREET 3","18","Non-landed Properties","2","2600","900 to 1000","May-2016"
"835","EASTPOINT GREEN","SIMEI STREET 3","18","Non-landed Properties","3","3200","1100 to 1200","Apr-2016"
"836","EASTPOINT GREEN","SIMEI STREET 3","18","Non-landed Properties","3","2850","1100 to 1200","Apr-2016"
"837","EASTPOINT GREEN","SIMEI STREET 3","18","Non-landed Properties","2","2550","900 to 1000","Apr-2016"
"838","EASTPOINT GREEN","SIMEI STREET 3","18","Non-landed Properties","3","2800","1100 to 1200","Apr-2016"
"839","EASTPOINT GREEN","SIMEI STREET 3","18","Non-landed Properties","3","3500","1100 to 1200","Apr-2016"
"840","EASTPOINT GREEN","SIMEI STREET 3","18","Non-landed Properties","3","3100","1100 to 1200","Apr-2016"
"841","EASTPOINT GREEN","SIMEI STREET 3","18","Non-landed Properties","3","3000","1100 to 1200","Apr-2016"
"842","EASTPOINT GREEN","SIMEI STREET 3","18","Non-landed Properties","4","4250","1800 to 1900","Apr-2016"
"843","EASTPOINT GREEN","SIMEI STREET 3","18","Non-landed Properties","3","3100","1100 to 1200","Apr-2016"
"844","EASTPOINT GREEN","SIMEI STREET 3","18","Non-landed Properties","2","2500","900 to 1000","Apr-2016"
"845","EASTPOINT GREEN","SIMEI STREET 3","18","Non-landed Properties","2","2550","900 to 1000","Apr-2016"
"846","EASTPOINT GREEN","SIMEI STREET 3","18","Non-landed Properties","2","2500","900 to 1000","Apr-2016"
"847","EASTPOINT GREEN","SIMEI STREET 3","18","Non-landed Properties","2","2800","900 to 1000","Apr-2016"
"848","EASTPOINT GREEN","SIMEI STREET 3","18","Non-landed Properties","3","2900","1100 to 1200","Apr-2016"
"849","EASTPOINT GREEN","SIMEI STREET 3","18","Non-landed Properties","3","3100","1100 to 1200","Mar-2016"
"850","EASTPOINT GREEN","SIMEI STREET 3","18","Non-landed Properties","2","2700","900 to 1000","Mar-2016"
"851","EASTPOINT GREEN","SIMEI STREET 3","18","Non-landed Properties","2","2800","900 to 1000","Mar-2016"
"852","EASTPOINT GREEN","SIMEI STREET 3","18","Non-landed Properties","2","2900","900 to 1000","Mar-2016"
"853","EASTPOINT GREEN","SIMEI STREET 3","18","Non-landed Properties","3","3000","1100 to 1200","Mar-2016"
"854","EASTPOINT GREEN","SIMEI STREET 3","18","Non-landed Properties","3","3000","1100 to 1200","Mar-2016"
"855","EASTPOINT GREEN","SIMEI STREET 3","18","Non-landed Properties","2","2600","900 to 1000","Mar-2016"
"856","EASTPOINT GREEN","SIMEI STREET 3","18","Non-landed Properties","3","3200","1100 to 1200","Mar-2016"
"857","EASTPOINT GREEN","SIMEI STREET 3","18","Non-landed Properties","3","2800","1100 to 1200","Mar-2016"
"858","EASTPOINT GREEN","SIMEI STREET 3","18","Non-landed Properties","3","3100","1100 to 1200","Mar-2016"